City_ID,City,Country,Date,Lat,Lng,Max Temp,Humidity,Cloudiness,Wind Speed
0,Victoria,HK,2021-01-28 00:11:38,22.2855,114.1577,63.0,83,0,1.01
1,Pisco,PE,2021-01-28 00:09:24,-13.7,-76.2167,71.6,68,0,11.5
2,Hunchun,CN,2021-01-28 00:18:19,42.8675,130.3581,15.67,93,100,4.92
3,Bambous Virieux,MU,2021-01-28 00:09:38,-20.3428,57.7575,75.99,83,2,7.94
4,Varsag,RO,2021-01-28 00:18:20,46.5167,25.35,28.0,86,100,8.99
5,Okhotsk,RU,2021-01-28 00:10:46,59.3833,143.3,-11.2,79,66,11.27
6,Bredasdorp,ZA,2021-01-28 00:05:40,-34.5322,20.0403,53.6,82,75,3.44
7,Punta Arenas,CL,2021-01-28 00:06:39,-53.15,-70.9167,44.6,81,90,13.8
8,Atuona,PF,2021-01-28 00:05:14,-9.8,-139.0333,78.78,78,7,15.93
9,Mar Del Plata,AR,2021-01-28 00:09:23,-38.0023,-57.5575,66.99,63,0,9.22
10,Kahului,US,2021-01-28 00:10:48,20.8947,-156.47,78.8,57,40,19.57
11,Cidreira,BR,2021-01-28 00:09:25,-30.1811,-50.2056,74.03,91,100,7.23
12,Rikitea,PF,2021-01-28 00:09:22,-23.1203,-134.9692,79.95,73,92,11.68
13,Ushuaia,AR,2021-01-28 00:09:35,-54.8,-68.3,41.0,87,75,18.41
14,Port Hedland,AU,2021-01-28 00:08:20,-20.3167,118.5667,86.0,74,0,11.5
15,Kavieng,PG,2021-01-28 00:09:33,-2.5744,150.7967,84.99,71,89,10.09
16,Lieto,FI,2021-01-28 00:18:22,60.5103,22.4618,28.4,86,90,5.75
17,Mahebourg,MU,2021-01-28 00:05:27,-20.4081,57.7,75.99,83,2,8.14
18,Hermanus,ZA,2021-01-28 00:09:48,-34.4187,19.2345,55.0,92,39,8.63
19,Saint-Pierre,RE,2021-01-28 00:11:06,-21.3393,55.4781,78.8,61,0,4.61
20,Butaritari,KI,2021-01-28 00:09:46,3.0707,172.7902,80.19,82,85,15.05
21,Algiers,DZ,2021-01-28 00:18:23,36.7525,3.042,55.4,100,20,3.44
22,Minab,IR,2021-01-28 00:10:29,27.1467,57.0801,50.0,76,0,6.91
23,Gornopravdinsk,RU,2021-01-28 00:18:23,60.05,69.9,0.77,93,100,6.85
24,Cuddapah,IN,2021-01-28 00:18:24,14.4667,78.8167,65.95,87,15,4.03
25,Sisimiut,GL,2021-01-28 00:18:24,66.9395,-53.6735,8.15,77,0,10.18
26,Halifax,CA,2021-01-28 00:13:59,44.6453,-63.5724,30.2,80,75,5.75
27,Jamestown,US,2021-01-28 00:07:29,42.097,-79.2353,23.0,93,90,5.14
28,Cape Canaveral,US,2021-01-28 00:18:08,28.4058,-80.6048,77.0,73,54,1.99
29,Vaini,TO,2021-01-28 00:09:29,-21.2,-175.2,75.2,94,90,11.5
30,Pevek,RU,2021-01-28 00:05:02,69.7008,170.3133,-22.29,88,100,4.09
31,Castro,BR,2021-01-28 00:09:43,-24.7911,-50.0119,66.13,94,100,4.45
32,Airai,TL,2021-01-28 00:05:22,-8.9266,125.4092,63.73,100,100,3.74
33,Bonham,US,2021-01-28 00:18:25,33.5773,-96.1783,42.01,56,1,8.05
34,Aykhal,RU,2021-01-28 00:06:53,66.0,111.5,-35.75,78,6,1.39
35,Pontianak,ID,2021-01-28 00:18:25,-0.0333,109.3333,73.4,100,20,2.71
36,Kruisfontein,ZA,2021-01-28 00:05:48,-34.0033,24.7314,62.01,89,90,2.51
37,Sukumo,JP,2021-01-28 00:10:16,32.9333,132.7333,49.89,64,38,2.64
38,Puerto Ayora,EC,2021-01-28 00:05:15,-0.7393,-90.3518,79.0,88,62,3.0
39,Aasiaat,GL,2021-01-28 00:18:26,68.7098,-52.8699,3.06,93,51,4.43
40,Mamlyutka,KZ,2021-01-28 00:18:26,54.9375,68.5394,16.3,97,33,10.85
41,Kaitangata,NZ,2021-01-28 00:09:39,-46.2817,169.8464,54.0,71,81,11.01
42,Marion,US,2021-01-28 00:18:27,39.7684,-86.1555,28.0,86,90,12.66
43,Rawson,AR,2021-01-28 00:09:37,-43.3002,-65.1023,65.32,44,79,13.06
44,Oussouye,SN,2021-01-28 00:18:27,12.485,-16.5469,71.6,88,0,2.3
45,Benghazi,LY,2021-01-28 00:18:27,32.1167,20.0667,55.49,77,80,11.61
46,Severobaykalsk,RU,2021-01-28 00:18:27,55.65,109.3167,-20.0,84,96,4.21
47,Labuan,MY,2021-01-28 00:18:28,5.2767,115.2417,80.6,89,20,4.61
48,Thompson,CA,2021-01-28 00:09:37,55.7435,-97.8558,-14.8,76,20,2.3
49,New Norfolk,AU,2021-01-28 00:09:26,-42.7826,147.0587,63.0,49,53,1.99
50,Chokurdakh,RU,2021-01-28 00:05:32,70.6333,147.9167,-14.69,90,100,11.83
51,Cape Town,ZA,2021-01-28 00:05:14,-33.9258,18.4232,64.99,68,0,17.27
52,Hilo,US,2021-01-28 00:09:45,19.7297,-155.09,73.4,78,90,6.91
53,Fare,PF,2021-01-28 00:05:03,-16.7,-151.0167,81.16,72,18,12.77
54,Albany,US,2021-01-28 00:07:17,42.6001,-73.9662,28.99,60,86,4.0
55,Codrington,AU,2021-01-28 00:11:34,-38.2667,141.9667,73.76,57,60,17.69
56,Shiraz,IR,2021-01-28 00:15:15,29.6036,52.5388,37.4,44,0,0.81
57,Port Alfred,ZA,2021-01-28 00:09:34,-33.5906,26.891,61.0,92,52,1.99
58,Kamaishi,JP,2021-01-28 00:09:36,39.2667,141.8833,26.6,80,0,4.61
59,Ribeira Grande,PT,2021-01-28 00:05:11,38.5167,-28.7,61.47,81,44,21.21
60,Plettenberg Bay,ZA,2021-01-28 00:07:00,-34.0527,23.3716,62.44,80,87,2.1
61,East London,ZA,2021-01-28 00:09:38,-33.0153,27.9116,69.39,78,80,17.58
62,Almaznyy,RU,2021-01-28 00:18:31,48.0448,40.045,37.4,93,90,22.37
63,Qaanaaq,GL,2021-01-28 00:05:19,77.484,-69.3632,-15.23,65,0,9.86
64,Beringovskiy,RU,2021-01-28 00:09:48,63.05,179.3167,16.5,96,100,26.33
65,Avarua,CK,2021-01-28 00:09:22,-21.2078,-159.775,87.8,62,20,17.27
66,Svetlaya,RU,2021-01-28 00:18:31,46.5389,138.3297,3.42,83,0,7.54
67,Gold Coast,AU,2021-01-28 00:16:32,-28.0,153.4333,84.99,61,40,18.41
68,Kirakira,SB,2021-01-28 00:11:15,-10.4544,161.9205,84.92,74,79,12.1
69,Bambanglipuro,ID,2021-01-28 00:18:32,-7.95,110.2833,75.72,87,99,5.17
70,Arraial Do Cabo,BR,2021-01-28 00:09:39,-22.9661,-42.0278,77.56,80,93,28.95
71,Alofi,NU,2021-01-28 00:05:47,-19.0595,-169.9187,80.6,83,75,9.22
72,Timra,SE,2021-01-28 00:18:33,62.487,17.3257,14.0,92,90,4.61
73,Kapaa,US,2021-01-28 00:09:41,22.0752,-159.319,77.0,83,75,18.41
74,Dzhubga,RU,2021-01-28 00:18:33,44.3211,38.7039,54.28,63,88,18.57
75,Sao Sebastiao Do Passe,BR,2021-01-28 00:18:33,-12.5125,-38.4953,82.4,69,75,10.36
76,Olafsvik,IS,2021-01-28 00:10:04,64.8945,-23.7142,29.88,87,80,13.76
77,Tuktoyaktuk,CA,2021-01-28 00:05:08,69.4541,-133.0374,-29.2,75,20,5.75
78,Chernogorsk,RU,2021-01-28 00:18:34,53.8236,91.2842,23.0,68,0,8.95
79,Santa Catarina De Tepehuanes,MX,2021-01-28 00:18:35,25.35,-105.7333,58.39,32,92,4.81
80,Talnakh,RU,2021-01-28 00:11:28,69.4865,88.3972,-28.01,82,61,3.83
81,Chuy,UY,2021-01-28 00:11:36,-33.6971,-53.4616,69.06,86,39,8.7
82,Victor Harbor,AU,2021-01-28 00:11:19,-35.5667,138.6167,72.0,65,90,8.3
83,Gat,IL,2021-01-28 00:10:40,31.61,34.7642,59.0,84,57,5.99
84,Changchun,CN,2021-01-28 00:18:36,43.88,125.3228,-0.4,71,0,6.71
85,Mirnyy,RU,2021-01-28 00:18:36,62.5353,113.9611,-44.37,80,45,2.13
86,Thornbury,GB,2021-01-28 00:18:36,52.2333,-2.55,46.99,98,100,3.0
87,Lanivtsi,UA,2021-01-28 00:14:46,49.8633,26.0908,27.72,97,100,13.73
88,Sao Joao Da Barra,BR,2021-01-28 00:09:38,-21.6403,-41.0511,77.94,81,0,17.72
89,Tiksi,RU,2021-01-28 00:09:22,71.6872,128.8694,-34.55,83,100,2.46
90,Mataura,NZ,2021-01-28 00:05:03,-46.1927,168.8643,51.01,80,97,18.01
91,Broken Hill,AU,2021-01-28 00:10:06,-31.95,141.4333,73.4,35,92,10.36
92,Pacific Grove,US,2021-01-28 00:05:56,36.6177,-121.9166,51.01,93,90,8.05
93,Nouadhibou,MR,2021-01-28 00:10:28,20.931,-17.0347,68.0,68,0,11.5
94,Boksburg,ZA,2021-01-28 00:18:38,-26.212,28.2596,66.0,94,100,8.34
95,Cordoba,AR,2021-01-28 00:18:26,-31.4135,-64.1811,82.99,83,0,8.05
96,Clyde River,CA,2021-01-28 00:10:25,70.4692,-68.5914,-14.8,76,1,2.3
97,Damara,CF,2021-01-28 00:18:38,4.9608,18.7035,71.6,88,0,7.34
98,Ryotsu,JP,2021-01-28 00:18:39,38.0833,138.4333,37.4,60,75,17.27
99,Vanimo,PG,2021-01-28 00:10:50,-2.6741,141.3028,82.62,71,100,6.08
100,Araouane,ML,2021-01-28 00:14:31,18.9048,-3.5265,68.4,22,0,10.92
101,Barrow,US,2021-01-28 00:07:04,71.2906,-156.7887,-9.4,77,90,6.91
102,Homer,US,2021-01-28 00:15:25,59.6425,-151.5483,30.0,74,20,4.61
103,Hambantota,LK,2021-01-28 00:18:39,6.1241,81.1185,73.9,76,32,12.03
104,Todos Santos,MX,2021-01-28 00:18:40,23.45,-110.2167,69.01,71,80,7.0
105,Stornoway,GB,2021-01-28 00:09:50,58.2093,-6.3865,37.4,70,20,12.66
106,Coahuayana,MX,2021-01-28 00:10:14,18.7333,-103.6833,75.2,73,20,4.92
107,Norman Wells,CA,2021-01-28 00:10:15,65.282,-126.8329,-20.2,76,75,4.61
108,Saint-Joseph,RE,2021-01-28 00:10:17,-21.3667,55.6167,78.8,61,0,6.91
109,Hithadhoo,MV,2021-01-28 00:09:24,-0.6,73.0833,81.72,77,98,16.51
110,Buala,SB,2021-01-28 00:10:39,-8.145,159.5921,86.29,68,97,12.57
111,Tasiilaq,GL,2021-01-28 00:09:29,65.6145,-37.6368,21.2,42,90,21.85
112,Dunedin,NZ,2021-01-28 00:11:38,-45.8742,170.5036,55.0,66,42,35.01
113,Oranjemund,NA,2021-01-28 00:18:42,-28.55,16.4333,61.5,81,1,17.65
114,Bairiki,KI,2021-01-28 00:18:42,1.3292,172.9752,86.0,70,20,11.5
115,Elko,US,2021-01-28 00:17:59,41.0002,-115.5012,36.0,72,100,11.01
116,Fairbanks,US,2021-01-28 00:05:36,64.8378,-147.7164,-16.6,76,75,5.75
117,Provideniya,RU,2021-01-28 00:09:21,64.3833,-173.3,8.6,92,90,22.37
118,Vigrestad,NO,2021-01-28 00:18:42,58.5667,5.7,17.6,93,0,7.18
119,Hay River,CA,2021-01-28 00:15:14,60.8156,-115.7999,-11.2,77,75,3.44
120,Korla,CN,2021-01-28 00:11:35,41.7597,86.1469,18.81,84,0,1.9
121,Da Lat,VN,2021-01-28 00:14:48,11.9465,108.4419,55.04,76,83,2.55
122,Sorland,NO,2021-01-28 00:10:28,67.667,12.6934,32.68,89,3,16.33
123,Micheweni,TZ,2021-01-28 00:18:44,-4.9667,39.8333,79.34,82,18,9.82
124,Ossora,RU,2021-01-28 00:18:44,59.2353,163.0719,0.19,85,94,6.38
125,Wanning,CN,2021-01-28 00:18:44,18.8003,110.3967,66.87,86,51,10.0
126,Nikolskoye,RU,2021-01-28 00:09:27,59.7035,30.7861,32.0,93,90,2.24
127,Noyabrsk,RU,2021-01-28 00:18:44,63.1994,75.4507,-33.32,81,71,3.31
128,Mersing,MY,2021-01-28 00:17:16,2.4312,103.8405,78.8,89,40,10.36
129,Sovetskaya,RU,2021-01-28 00:18:45,44.7769,41.1722,41.22,67,92,8.63
130,Ilulissat,GL,2021-01-28 00:11:14,69.2167,-51.1,8.6,43,0,4.61
131,Yellowknife,CA,2021-01-28 00:09:24,62.456,-114.3525,-9.0,77,90,4.61
132,Dickinson,US,2021-01-28 00:18:25,29.4608,-95.0513,62.01,29,1,10.36
133,Bhigvan,IN,2021-01-28 00:18:46,18.3167,74.7667,68.81,39,0,5.08
134,Leningradskiy,RU,2021-01-28 00:09:46,69.3833,178.4167,-16.69,87,100,3.65
135,Gabu,GW,2021-01-28 00:18:47,12.2833,-14.2167,67.62,60,0,4.59
136,Bengkulu,ID,2021-01-28 00:10:07,-3.8004,102.2655,76.03,88,100,5.06
137,Bluff,NZ,2021-01-28 00:09:25,-46.6,168.3333,51.01,80,99,18.01
138,Los Llanos De Aridane,ES,2021-01-28 00:09:41,28.6585,-17.9182,64.99,88,0,8.05
139,Somerton,US,2021-01-28 00:18:48,32.5964,-114.7097,62.6,31,20,4.61
140,Saint-Philippe,RE,2021-01-28 00:09:37,-21.3585,55.7679,78.8,61,0,6.91
141,Rocha,UY,2021-01-28 00:16:26,-34.4833,-54.3333,64.63,87,0,6.71
142,Antofagasta,CL,2021-01-28 00:18:49,-23.65,-70.4,66.2,82,75,12.66
143,Saskylakh,RU,2021-01-28 00:05:25,71.9167,114.0833,-41.66,80,94,2.53
144,Nueva Loja,EC,2021-01-28 00:18:49,0.0847,-76.8828,73.22,93,71,1.97
145,Moose Factory,CA,2021-01-28 00:18:49,51.2585,-80.6094,1.4,85,90,8.05
146,Kharan,PK,2021-01-28 00:18:49,28.5833,65.4167,45.91,39,0,7.38
147,Nanakuli,US,2021-01-28 00:18:50,21.3906,-158.1547,84.2,51,75,10.36
148,Carnarvon,AU,2021-01-28 00:09:29,-24.8667,113.6333,75.2,57,0,21.85
149,Comodoro Rivadavia,AR,2021-01-28 00:09:14,-45.8667,-67.5,62.6,59,40,5.75
150,Lebach,DE,2021-01-28 00:18:51,49.4,6.9167,37.99,96,100,3.8
151,Lompoc,US,2021-01-28 00:09:48,34.6391,-120.4579,53.6,87,90,16.11
152,Vardo,NO,2021-01-28 00:18:52,70.3705,31.1107,21.2,86,90,23.02
153,Ferme-Neuve,CA,2021-01-28 00:18:52,46.7001,-75.4493,19.4,79,97,8.05
154,Busselton,AU,2021-01-28 00:09:40,-33.65,115.3333,64.0,77,8,11.72
155,Pauini,BR,2021-01-28 00:18:52,-7.7136,-66.9764,74.86,94,78,2.3
156,Oktyabrskoye,RU,2021-01-28 00:18:53,43.0645,44.7417,24.8,100,48,4.47
157,Severo-Kurilsk,RU,2021-01-28 00:09:41,50.6789,156.125,29.17,97,100,21.83
158,Riyadh,SA,2021-01-28 00:17:31,24.6877,46.7219,62.6,25,0,9.22
159,Lebu,CL,2021-01-28 00:10:08,-37.6167,-73.65,58.26,81,97,9.28
160,Narsaq,GL,2021-01-28 00:09:42,60.9167,-46.05,37.4,35,75,31.07
161,Georgetown,MY,2021-01-28 00:10:20,5.4112,100.3354,78.01,88,20,4.5
162,Vyatskiye Polyany,RU,2021-01-28 00:18:54,56.226,51.0656,22.24,96,100,11.86
163,Tuatapere,NZ,2021-01-28 00:18:54,-46.1333,167.6833,50.0,83,100,15.99
164,Kupang,ID,2021-01-28 00:18:54,-10.1667,123.5833,82.4,89,75,20.71
165,Killybegs,IE,2021-01-28 00:18:55,54.6333,-8.45,51.01,96,100,5.99
166,Burgeo,CA,2021-01-28 00:11:37,47.6167,-57.6152,27.05,93,42,7.99
167,Bakaly,RU,2021-01-28 00:18:55,55.1789,53.8028,21.25,94,100,15.82
168,Jacobabad,PK,2021-01-28 00:18:55,28.281,68.4388,52.02,37,0,1.83
169,Akdepe,TM,2021-01-28 00:18:55,42.0551,59.3788,19.4,86,0,4.61
170,Provost,CA,2021-01-28 00:18:55,52.3501,-110.2683,1.4,92,100,11.5
171,Esna,EG,2021-01-28 00:18:56,25.2934,32.554,53.6,40,0,8.05
172,Padang,ID,2021-01-28 00:10:00,-0.9492,100.3543,71.6,94,75,2.3
173,Neustrelitz,DE,2021-01-28 00:18:56,53.3667,13.0833,35.01,83,97,3.0
174,Teya,RU,2021-01-28 00:18:56,60.3778,92.6267,-29.54,81,100,1.99
175,Byron Bay,AU,2021-01-28 00:18:57,-28.65,153.6167,80.6,65,40,12.66
176,Sanming,CN,2021-01-28 00:18:57,26.2486,117.6186,52.97,77,87,3.29
177,Sembakung,ID,2021-01-28 00:18:57,3.8167,117.25,78.8,89,40,3.44
178,Numaligarh,IN,2021-01-28 00:18:57,26.6333,93.75,56.39,73,0,1.97
179,Voskresenskoye,RU,2021-01-28 00:18:57,56.8381,45.4317,34.5,98,100,9.04
180,Twentynine Palms,US,2021-01-28 00:18:58,34.1356,-116.0542,53.6,40,20,13.8
181,Kodiak,US,2021-01-28 00:09:49,57.79,-152.4072,33.8,75,90,4.61
182,Fortuna,US,2021-01-28 00:06:21,40.5982,-124.1573,48.0,87,75,14.97
183,Hobart,AU,2021-01-28 00:09:27,-42.8794,147.3294,63.0,51,75,10.36
184,Saint-Augustin,CA,2021-01-28 00:06:42,51.226,-58.6502,13.19,93,39,9.73
185,Shubarshi,KZ,2021-01-28 00:18:58,48.5872,57.1869,9.97,93,0,10.58
186,Ngunguru,NZ,2021-01-28 00:18:59,-35.6167,174.5,71.71,69,18,3.27
187,Udachnyy,RU,2021-01-28 00:18:35,66.4167,112.4,-40.05,79,7,1.81
188,Port Elizabeth,ZA,2021-01-28 00:09:52,-33.918,25.5701,62.6,82,0,4.61
189,Kibara,TZ,2021-01-28 00:19:00,-2.15,33.45,70.02,75,0,9.48
190,North Bend,US,2021-01-28 00:19:00,43.4065,-124.2243,46.0,87,90,15.43
191,Rio Grande,BR,2021-01-28 00:10:42,-32.035,-52.0986,71.01,96,100,8.16
192,High Level,CA,2021-01-28 00:19:01,58.5169,-117.136,-9.4,77,20,6.91
193,Ahipara,NZ,2021-01-28 00:05:42,-35.1667,173.1667,72.82,64,61,8.43
194,Dingle,PH,2021-01-28 00:11:12,10.9995,122.6711,78.06,86,100,8.5
195,Tarancon,ES,2021-01-28 00:19:01,40.0085,-3.0073,53.01,100,75,3.98
196,Nador,MA,2021-01-28 00:19:01,35.174,-2.9287,59.0,82,0,1.57
197,Zwedru,LR,2021-01-28 00:19:02,6.0667,-8.1281,73.33,93,3,3.13
198,Moranbah,AU,2021-01-28 00:19:02,-22.0016,148.0466,84.47,52,14,17.49
199,Shakawe,BW,2021-01-28 00:19:02,-18.3667,21.85,68.2,90,100,3.24
200,Puerto Madryn,AR,2021-01-28 00:19:02,-42.7692,-65.0385,62.82,50,87,11.83
201,Karratha,AU,2021-01-28 00:19:03,-20.7377,116.8463,95.07,16,0,12.88
202,Izhma,RU,2021-01-28 00:19:03,65.0083,53.9113,13.53,97,100,1.83
203,Castlerea,IE,2021-01-28 00:19:03,53.7667,-8.5,52.0,96,100,5.99
204,Quatre Cocos,MU,2021-01-28 00:11:16,-20.2078,57.7625,75.99,88,20,4.61
205,Kavaratti,IN,2021-01-28 00:19:03,10.5669,72.642,80.55,67,75,11.27
206,Saldanha,ZA,2021-01-28 00:09:43,-33.0117,17.9442,62.6,67,0,14.97
207,Letlhakane,BW,2021-01-28 00:19:04,-21.4167,25.5833,72.9,77,98,8.46
208,Yarim,YE,2021-01-28 00:19:04,14.298,44.3779,45.54,51,0,4.61
209,Bethel,US,2021-01-28 00:05:57,41.3712,-73.414,30.2,69,90,8.05
210,Luba,GQ,2021-01-28 00:19:04,3.4568,8.5547,77.0,79,20,4.61
211,Senador Guiomard,BR,2021-01-28 00:19:06,-10.1522,-67.7392,75.2,94,0,2.3
212,Berlevag,NO,2021-01-28 00:10:13,70.8578,29.0864,24.39,92,100,20.31
213,Thinadhoo,MV,2021-01-28 00:19:06,0.5333,72.9333,81.46,78,94,17.96
214,Nueve De Julio,AR,2021-01-28 00:19:07,-35.4444,-60.8831,82.99,32,0,1.01
215,Mareeba,AU,2021-01-28 00:19:07,-17.0,145.4333,80.01,89,75,5.75
216,Kokoda,PG,2021-01-28 00:19:07,-8.8785,147.7407,85.32,59,100,0.81
217,Grand Gaube,MU,2021-01-28 00:19:08,-20.0064,57.6608,75.99,83,17,7.56
218,Tessalit,ML,2021-01-28 00:19:08,20.1986,1.0114,64.4,23,0,7.76
219,Waipawa,NZ,2021-01-28 00:19:08,-41.4122,175.5153,66.2,88,90,25.32
220,Sretensk,RU,2021-01-28 00:19:08,52.2453,117.7093,-27.83,80,44,2.3
221,Kamenka,RU,2021-01-28 00:11:11,51.3223,42.7678,30.99,96,100,14.52
222,Ijui,BR,2021-01-28 00:19:09,-28.3878,-53.9147,71.8,93,70,6.6
223,Morondava,MG,2021-01-28 00:19:09,-20.2833,44.2833,81.99,74,2,2.26
224,Valdivia,CL,2021-01-28 00:19:10,-39.8142,-73.2459,59.0,82,40,6.91
225,Gorontalo,ID,2021-01-28 00:19:04,0.5412,123.0595,80.31,76,82,4.81
226,Sao Paulo De Olivenca,BR,2021-01-28 00:19:10,-3.3783,-68.8725,74.82,96,96,2.46
227,Esperance,AU,2021-01-28 00:05:47,-33.8667,121.9,66.2,77,90,9.22
228,Kafue,ZM,2021-01-28 00:19:11,-15.7691,28.1814,68.0,100,75,1.14
229,Piripiri,BR,2021-01-28 00:19:11,-4.2733,-41.7769,74.95,88,92,2.84
230,Catarman,PH,2021-01-28 00:19:11,12.4989,124.6377,77.83,89,100,11.43
231,Bahia Blanca,AR,2021-01-28 00:19:11,-38.7196,-62.2724,69.48,46,80,9.53
232,Lubao,PH,2021-01-28 00:19:12,14.9167,120.55,77.0,83,75,2.3
233,Igbaras,PH,2021-01-28 00:19:13,10.7157,122.2657,80.06,74,100,13.06
234,Novo Aripuana,BR,2021-01-28 00:19:13,-5.1206,-60.3797,75.65,93,99,1.74
235,Manacapuru,BR,2021-01-28 00:19:11,-3.2997,-60.6206,78.8,89,20,3.44
236,Lakatoro,VU,2021-01-28 00:19:13,-16.0999,167.4164,78.13,87,100,8.77
237,Faanui,PF,2021-01-28 00:05:11,-16.4833,-151.75,81.55,73,2,13.15
238,Yulara,AU,2021-01-28 00:05:51,-25.2406,130.9889,78.8,65,97,14.97
239,Cabo San Lucas,MX,2021-01-28 00:09:33,22.8909,-109.9124,71.01,60,1,5.75
240,Broome,US,2021-01-28 00:05:34,42.2506,-75.833,25.0,86,90,6.91
241,Kampong Cham,KH,2021-01-28 00:19:14,11.9934,105.4635,73.26,77,99,4.05
242,Sao Filipe,CV,2021-01-28 00:10:34,14.8961,-24.4956,73.8,69,0,4.94
243,Bathsheba,BB,2021-01-28 00:11:24,13.2167,-59.5167,78.8,69,40,16.11
244,Gizo,SB,2021-01-28 00:10:22,-8.103,156.8419,85.95,71,87,13.31
245,Klaksvik,FO,2021-01-28 00:10:00,62.2266,-6.589,32.0,74,75,9.22
246,Bekhtery,UA,2021-01-28 00:19:16,46.251,32.2927,45.86,90,100,14.97
247,Guilin,CN,2021-01-28 00:15:32,25.2819,110.2864,48.2,87,90,2.24
248,Port Blair,IN,2021-01-28 00:11:02,11.6667,92.75,78.37,83,95,11.1
249,San Cristobal,VE,2021-01-28 00:10:21,7.7669,-72.225,82.4,61,40,6.91
250,Kasungu,MW,2021-01-28 00:19:17,-13.0333,33.4833,65.16,90,100,1.25
251,Khatanga,RU,2021-01-28 00:09:58,71.9667,102.5,-30.73,80,0,7.05
252,Tiznit,MA,2021-01-28 00:15:10,29.5833,-9.5,63.63,39,0,2.66
253,Erzin,TR,2021-01-28 00:19:17,36.9559,36.2,55.99,84,99,3.87
254,Coquimbo,CL,2021-01-28 00:09:35,-29.9533,-71.3436,60.8,82,0,10.36
255,Novikovo,RU,2021-01-28 00:19:18,51.1537,37.8879,34.63,91,100,13.67
256,Santa Marta,CO,2021-01-28 00:19:18,11.2408,-74.199,82.0,67,100,15.23
257,Werda,BW,2021-01-28 00:19:18,-25.2667,23.2833,72.91,34,83,1.19
258,Kinablangan,PH,2021-01-28 00:19:19,7.6947,126.5503,78.12,80,100,5.41
259,Eyl,SO,2021-01-28 00:19:19,7.9803,49.8164,70.68,77,40,16.8
260,Cherskiy,RU,2021-01-28 00:05:37,68.75,161.3,-23.48,85,100,4.9
261,Colares,PT,2021-01-28 00:19:19,38.7992,-9.4469,57.99,88,100,3.0
262,Meulaboh,ID,2021-01-28 00:09:45,4.1363,96.1285,75.15,83,99,4.83
263,Costinesti,RO,2021-01-28 00:19:20,43.95,28.6333,30.2,93,90,20.71
264,Lasa,IT,2021-01-28 00:10:55,46.6166,10.7002,28.0,85,100,5.84
265,Ancud,CL,2021-01-28 00:06:20,-41.8697,-73.8203,59.0,72,75,8.05
266,Aripuana,BR,2021-01-28 00:19:21,-9.1667,-60.6333,73.9,98,81,2.35
267,Vila Velha,BR,2021-01-28 00:06:31,-20.3297,-40.2925,78.8,73,0,2.3
268,Baghdad,IQ,2021-01-28 00:05:45,33.3406,44.4009,60.8,33,20,17.27
269,Doha,QA,2021-01-28 00:09:58,25.2867,51.5333,59.0,77,0,2.3
270,Huangnihe,CN,2021-01-28 00:19:21,43.5583,128.0239,3.87,93,100,2.89
271,Olinda,BR,2021-01-28 00:10:56,-8.0089,-34.8553,78.8,69,75,9.22
272,Marawi,PH,2021-01-28 00:19:22,7.9986,124.2928,72.0,80,88,5.99
273,Loreto,MX,2021-01-28 00:19:22,22.2667,-101.9667,65.95,49,52,23.44
274,Fort Nelson,CA,2021-01-28 00:15:12,58.8053,-122.7002,-7.6,71,40,3.44
275,Cockburn Town,TC,2021-01-28 00:19:22,21.4612,-71.1419,80.6,57,40,10.36
276,Broadstairs,GB,2021-01-28 00:19:23,51.3591,1.4394,46.99,87,100,1.99
277,Lubango,AO,2021-01-28 00:19:23,-14.9172,13.4925,58.82,51,87,2.64
278,Goderich,CA,2021-01-28 00:19:23,43.7501,-81.7165,21.2,79,99,8.05
279,Taoudenni,ML,2021-01-28 00:10:49,22.6783,-3.9836,68.77,34,0,16.42
280,Gusinoye Ozero,RU,2021-01-28 00:19:23,51.1144,106.2614,-20.04,79,69,2.59
281,Wukari,NG,2021-01-28 00:19:24,7.85,9.7833,76.71,19,37,3.02
282,Manuk Mangkaw,PH,2021-01-28 00:19:24,4.8,119.85,80.83,82,93,13.56
283,Haines Junction,CA,2021-01-28 00:19:25,60.7522,-137.5108,-16.6,63,82,1.14
284,Petropavlovsk-Kamchatskiy,RU,2021-01-28 00:19:01,53.0452,158.6483,12.2,57,10,11.18
285,Poum,NC,2021-01-28 00:10:01,-20.2333,164.0167,80.56,74,40,6.2
286,Portland,US,2021-01-28 00:16:20,45.5234,-122.6762,45.0,76,90,10.36
287,Dondo,MZ,2021-01-28 00:19:25,-19.6094,34.7431,78.8,94,20,3.44
288,Cayenne,GF,2021-01-28 00:10:54,4.9333,-52.3333,78.8,78,75,4.61
289,Torbay,CA,2021-01-28 00:09:50,47.6666,-52.7314,28.0,80,90,6.91
290,Chapais,CA,2021-01-28 00:17:50,49.7834,-74.8492,15.8,92,90,8.05
291,Mehamn,NO,2021-01-28 00:19:26,71.0357,27.8492,23.52,93,99,18.66
292,Kushima,JP,2021-01-28 00:19:26,31.4583,131.2333,50.0,87,75,5.75
293,Westport,US,2021-01-28 00:11:21,41.1415,-73.3579,33.8,64,90,9.22
294,Tocopilla,CL,2021-01-28 00:10:30,-22.092,-70.1979,69.04,68,25,7.9
295,Aklavik,CA,2021-01-28 00:05:43,68.2191,-135.0107,-14.8,76,100,3.18
296,Anadyr,RU,2021-01-28 00:09:46,64.75,177.4833,12.2,85,40,26.84
297,Udayagiri,IN,2021-01-28 00:19:28,20.1333,84.3833,62.31,97,65,2.51
298,Saint George,US,2021-01-28 00:10:09,37.1041,-113.5841,44.01,49,90,12.66
299,Iqaluit,CA,2021-01-28 00:10:58,63.7506,-68.5145,-2.0,65,1,18.41
300,Banepa,NP,2021-01-28 00:19:28,27.6298,85.5214,37.4,100,20,3.44
301,Shimoda,JP,2021-01-28 00:19:11,34.6667,138.95,48.2,76,75,29.93
302,Ludvika,SE,2021-01-28 00:19:28,60.1496,15.1878,18.0,86,90,6.91
303,Takoradi,GH,2021-01-28 00:19:29,4.8845,-1.7554,78.19,88,4,6.6
304,Geraldton,AU,2021-01-28 00:10:44,-28.7667,114.6,69.8,49,0,8.05
305,Pirajui,BR,2021-01-28 00:19:29,-21.9986,-49.4572,86.0,58,40,3.44
306,Palamos,ES,2021-01-28 00:19:29,41.8484,3.1291,50.0,93,20,2.3
307,Mogadishu,SO,2021-01-28 00:10:47,2.0371,45.3438,76.95,85,84,18.79
308,Te Anau,NZ,2021-01-28 00:10:38,-45.4167,167.7167,51.94,70,81,5.21
309,Port Hardy,CA,2021-01-28 00:09:59,50.6996,-127.4199,41.0,75,75,12.66
310,Hasaki,JP,2021-01-28 00:17:41,35.7333,140.8333,46.4,66,75,16.11
311,Belmonte,BR,2021-01-28 00:19:30,-15.8631,-38.8828,78.8,69,40,8.05
312,Longyearbyen,SJ,2021-01-28 00:09:41,78.2186,15.6401,5.0,66,20,16.11
313,Kenscoff,HT,2021-01-28 00:19:31,18.4506,-72.2869,80.6,65,20,2.3
314,Male,MV,2021-01-28 00:19:31,4.1748,73.5089,79.99,65,61,12.28
315,Lavrentiya,RU,2021-01-28 00:09:52,65.5833,-171.0,0.25,88,98,16.06
316,Constitucion,CL,2021-01-28 00:10:32,-35.3333,-72.4167,58.71,74,78,18.3
317,Natal,BR,2021-01-28 00:19:31,-5.795,-35.2094,80.6,78,20,12.66
318,Bud,US,2021-01-28 00:11:39,39.447,-86.1758,27.0,95,100,12.21
319,Dikson,RU,2021-01-28 00:09:48,73.5069,80.5464,-22.34,86,100,10.49
320,Palmer,US,2021-01-28 00:19:32,42.1584,-72.3287,32.0,87,98,2.89
321,Ust-Kulom,RU,2021-01-28 00:19:32,61.6864,53.6902,29.66,97,100,9.15
322,Namatanai,PG,2021-01-28 00:05:04,-3.6667,152.4333,85.73,67,100,9.1
323,Samarai,PG,2021-01-28 00:10:17,-10.6167,150.6667,80.13,85,99,7.09
324,Bad Sachsa,DE,2021-01-28 00:19:33,51.595,10.5555,36.0,99,100,8.19
325,Lorengau,PG,2021-01-28 00:10:32,-2.0226,147.2712,84.29,75,90,10.07
326,Praia Da Vitoria,PT,2021-01-28 00:11:27,38.7333,-27.0667,61.0,100,40,23.98
327,Ugoofaaru,MV,2021-01-28 00:09:51,5.6667,73.0,80.44,67,51,12.3
328,Pavlodar,KZ,2021-01-28 00:19:33,52.3,76.95,12.2,85,0,6.71
329,Praia,CV,2021-01-28 00:19:33,14.9215,-23.5087,69.8,78,0,17.27
330,Ochamchira,GE,2021-01-28 00:19:34,42.7121,41.4721,55.54,40,99,15.26
331,Manaure,CO,2021-01-28 00:19:34,11.7751,-72.4445,80.06,68,100,18.32
332,Lages,BR,2021-01-28 00:18:08,-27.8161,-50.3261,66.15,97,96,1.54
333,Great Falls,US,2021-01-28 00:19:35,47.5002,-111.3008,37.4,41,1,13.8
334,Lao Cai,VN,2021-01-28 00:17:20,22.4833,103.95,65.37,82,95,1.23
335,Katherine,AU,2021-01-28 00:19:35,-14.4667,132.2667,80.6,83,100,2.3
336,Krasnoselkup,RU,2021-01-28 00:10:45,65.7,82.4667,-39.33,82,11,3.58
337,Sokoni,TZ,2021-01-28 00:19:36,-6.4333,39.55,80.6,79,71,10.51
338,Lata,PT,2021-01-28 00:19:36,40.1629,-8.3327,57.0,94,98,0.69
339,Mount Pleasant,US,2021-01-28 00:19:36,32.7941,-79.8626,57.2,100,90,11.68
340,Karakol,KG,2021-01-28 00:15:21,42.4907,78.3936,16.48,62,0,4.79
341,Sitka,US,2021-01-28 00:17:49,57.0531,-135.33,30.2,37,1,4.61
342,Nemuro,JP,2021-01-28 00:19:36,43.3236,145.575,17.6,62,75,4.61
343,Nome,US,2021-01-28 00:19:37,64.5011,-165.4064,17.6,62,90,9.22
344,Auki,SB,2021-01-28 00:10:52,-8.7676,160.7034,82.87,78,98,10.47
345,Rajgarh,IN,2021-01-28 00:19:37,28.6333,75.3833,49.5,44,0,3.47
346,Iskateley,RU,2021-01-28 00:19:37,67.6803,53.1512,-4.38,92,100,17.81
347,Beckley,US,2021-01-28 00:18:25,37.7782,-81.1882,32.0,80,90,8.05
348,Acapulco,MX,2021-01-28 00:11:33,16.8634,-99.8901,82.4,69,40,3.67
349,Hukuntsi,BW,2021-01-28 00:19:38,-24.0,21.75,73.81,21,72,8.14
350,Kindu,CD,2021-01-28 00:19:38,-2.95,25.95,70.47,97,88,2.33
351,San Patricio,US,2021-01-28 00:11:14,28.017,-97.5169,69.8,23,1,6.91
352,Ostrovnoy,RU,2021-01-28 00:10:27,68.0531,39.5131,11.35,94,100,21.12
353,Netarhat,IN,2021-01-28 00:19:39,23.4833,84.2667,46.58,74,0,3.8
354,Yurimaguas,PE,2021-01-28 00:19:39,-5.9,-76.0833,79.86,69,37,3.56
355,Upernavik,GL,2021-01-28 00:09:48,72.7868,-56.1549,-3.51,91,99,4.74
356,Plaeng Yao,TH,2021-01-28 00:19:39,13.5847,101.284,81.0,85,25,4.14
357,Jumla,NP,2021-01-28 00:10:14,29.2747,82.1838,32.16,40,0,5.21
358,Nyurba,RU,2021-01-28 00:19:17,63.2842,118.3319,-47.52,77,94,1.48
359,Marienburg,PL,2021-01-28 00:18:47,54.0359,19.0266,28.4,86,0,8.05
360,Kieta,PG,2021-01-28 00:11:16,-6.2167,155.6333,86.29,69,100,10.04
361,Ishinomaki,JP,2021-01-28 00:19:41,38.4167,141.3,35.6,51,75,9.22
362,Paamiut,GL,2021-01-28 00:10:32,61.994,-49.6678,31.08,82,82,9.24
363,Mount Isa,AU,2021-01-28 00:19:41,-20.7333,139.5,91.4,49,9,6.91
364,Guerrero Negro,MX,2021-01-28 00:16:06,27.9769,-114.0611,61.45,47,100,13.38
365,Marsaxlokk,MT,2021-01-28 00:16:01,35.8419,14.5431,54.0,94,75,10.36
366,Abaza,RU,2021-01-28 00:19:42,52.655,90.0928,23.25,94,100,11.1
367,Kemi,FI,2021-01-28 00:19:42,65.8596,24.8228,17.6,86,100,6.91
368,Thunder Bay,CA,2021-01-28 00:19:42,48.4001,-89.3168,1.4,65,1,5.75
369,Mandalgovi,MN,2021-01-28 00:19:05,45.7625,106.2708,-6.29,80,0,10.85
370,Nairobi,KE,2021-01-28 00:18:43,-1.2833,36.8167,59.31,79,34,7.18
371,Rafai,CF,2021-01-28 00:09:49,4.95,23.9167,73.15,59,97,1.36
372,Ullapool,GB,2021-01-28 00:19:43,57.8987,-5.1604,30.99,95,94,8.3
373,Belawan,ID,2021-01-28 00:19:43,3.7755,98.6832,75.2,94,75,3.44
374,Faya,SA,2021-01-28 00:19:43,18.3851,42.4509,55.4,62,0,9.22
375,Trincomalee,LK,2021-01-28 00:19:44,8.5711,81.2335,77.94,74,66,14.29
376,Omboue,GA,2021-01-28 00:11:24,-1.5746,9.2618,74.7,90,100,3.6
377,Baffa,PK,2021-01-28 00:19:44,34.4378,73.2194,41.88,50,100,5.08
378,Biu,NG,2021-01-28 00:19:44,10.6129,12.1946,68.02,21,6,10.51
379,Vanavara,RU,2021-01-28 00:19:45,60.34,102.2797,-17.32,85,100,11.54
380,Lebedinyy,RU,2021-01-28 00:19:45,58.5167,125.5167,-45.74,78,100,1.57
381,Kalmunai,LK,2021-01-28 00:10:41,7.4167,81.8167,74.84,80,93,8.72
382,Northam,GB,2021-01-28 00:19:46,51.0333,-4.2167,52.0,98,100,5.99
383,Hobyo,SO,2021-01-28 00:10:28,5.3505,48.5268,76.03,74,23,20.42
384,Stromness,GB,2021-01-28 00:10:52,58.965,-3.296,33.8,80,20,4.65
385,Arlit,NE,2021-01-28 00:11:36,18.7369,7.3853,62.56,26,0,6.53
386,Itoman,JP,2021-01-28 00:19:46,26.1247,127.6694,64.4,68,75,18.41
387,Havelock,US,2021-01-28 00:16:24,34.8791,-76.9013,46.0,85,71,4.0
388,Semnan,IR,2021-01-28 00:18:15,35.5729,53.3971,36.45,67,6,0.67
389,Baie-Saint-Paul,CA,2021-01-28 00:15:23,47.4411,-70.4986,28.4,100,93,0.81
390,Moron,AR,2021-01-28 00:19:47,-34.6534,-58.6198,81.0,45,0,5.99
391,Buchanan,LR,2021-01-28 00:19:47,5.8808,-10.0467,77.0,94,20,6.78
392,Kiruna,SE,2021-01-28 00:19:48,67.8557,20.2251,15.8,86,90,4.61
393,Finschhafen,PG,2021-01-28 00:19:48,-6.6024,147.8681,86.43,67,100,9.62
394,Flin Flon,CA,2021-01-28 00:19:48,54.7682,-101.865,-5.8,77,20,2.3
395,Valley,US,2021-01-28 00:19:49,45.1277,-116.1262,28.4,86,90,11.5
396,Tilichiki,RU,2021-01-28 00:19:28,60.4667,166.1,-6.81,91,99,7.94
397,Kungurtug,RU,2021-01-28 00:19:49,50.5994,97.5228,4.17,88,100,1.32
398,Henties Bay,NA,2021-01-28 00:10:19,-22.116,14.2845,66.99,85,6,5.95
399,At-Bashi,KG,2021-01-28 00:19:50,41.1702,75.8106,2.01,60,0,1.19
400,Lagoa,PT,2021-01-28 00:18:21,39.05,-27.9833,60.26,84,48,26.04
401,Blind River,CA,2021-01-28 00:19:50,46.1834,-82.9582,19.4,53,1,9.22
402,Fukue,JP,2021-01-28 00:19:50,32.6881,128.8419,50.0,71,75,3.44
403,Danielskuil,ZA,2021-01-28 00:19:51,-28.1887,23.5395,60.22,85,17,14.43
404,Havre-Saint-Pierre,CA,2021-01-28 00:17:59,50.2334,-63.5986,19.4,58,90,11.5
405,Port Lincoln,AU,2021-01-28 00:19:51,-34.7333,135.8667,67.44,76,83,4.25
406,Taos,US,2021-01-28 00:18:42,36.4072,-105.5731,30.2,40,1,5.75
407,Jiayuguan,CN,2021-01-28 00:19:51,39.8167,98.3,16.32,67,0,1.81
408,Bilma,NE,2021-01-28 00:11:22,18.6853,12.9164,63.05,28,0,14.34
409,Dakar,SN,2021-01-28 00:14:56,14.6937,-17.4441,64.4,82,0,6.91
410,Isangel,VU,2021-01-28 00:10:02,-19.55,169.2667,84.2,84,90,17.22
411,Matamoros,MX,2021-01-28 00:19:53,25.5333,-103.25,66.2,14,90,3.44
412,Laguna,US,2021-01-28 00:19:53,38.421,-121.4238,48.0,87,90,20.71
413,Kailua,US,2021-01-28 00:19:53,21.4022,-157.7394,80.6,61,75,19.57
414,Paranaiba,BR,2021-01-28 00:19:53,-19.6772,-51.1908,75.78,79,99,4.45
415,Immokalee,US,2021-01-28 00:18:09,26.4187,-81.4173,73.99,78,1,3.44
416,Ust-Maya,RU,2021-01-28 00:19:54,60.4167,134.5333,-42.07,78,99,1.52
417,Huarmey,PE,2021-01-28 00:10:08,-10.0681,-78.1522,71.82,79,100,8.72
418,Pudozh,RU,2021-01-28 00:19:54,61.8099,36.5345,26.08,99,95,2.37
419,Nizhnyaya Omka,RU,2021-01-28 00:19:54,55.4338,74.9426,13.59,97,94,8.05
420,Isilkul,RU,2021-01-28 00:19:54,54.9109,71.2728,15.55,97,64,11.07
421,Kyra,RU,2021-01-28 00:19:55,49.5776,111.9753,-23.57,77,0,2.75
422,Hamilton,US,2021-01-28 00:05:34,39.1834,-84.5333,30.2,93,90,6.91
423,Namibe,AO,2021-01-28 00:19:01,-15.1961,12.1522,73.36,79,94,7.7
424,Port Keats,AU,2021-01-28 00:19:55,-14.25,129.55,77.25,94,100,7.58
425,Flinders,AU,2021-01-28 00:11:48,-34.5833,150.8552,72.0,70,88,5.99
426,Khasan,RU,2021-01-28 00:19:56,42.4308,130.6434,22.5,97,100,16.24
427,Harper,LR,2021-01-28 00:06:37,4.375,-7.7169,78.44,85,10,9.22
428,Adre,TD,2021-01-28 00:17:21,13.4667,22.2,66.2,23,27,12.28
429,Bairnsdale,AU,2021-01-28 00:19:56,-37.8333,147.6167,69.01,64,99,8.01
430,Sao Geraldo Do Araguaia,BR,2021-01-28 00:19:56,-6.4006,-48.555,74.61,92,98,3.96
431,Kisangani,CD,2021-01-28 00:19:56,0.5167,25.2,69.82,93,100,2.53
432,Aksarka,RU,2021-01-28 00:19:57,66.5606,67.7975,-27.62,84,100,7.65
433,Gamba,GA,2021-01-28 00:19:57,-2.65,10.0,74.97,92,100,5.19
434,Coihaique,CL,2021-01-28 00:10:29,-45.5752,-72.0662,53.6,66,75,3.44
435,Igarka,RU,2021-01-28 00:19:57,67.4667,86.5833,-30.17,74,43,5.41
436,Pochutla,MX,2021-01-28 00:19:57,15.7432,-96.4661,84.2,61,75,8.05
437,Akcakoca,TR,2021-01-28 00:19:57,41.0866,31.1162,37.76,85,100,12.19
438,Port-Gentil,GA,2021-01-28 00:11:04,-0.7193,8.7815,78.8,89,75,2.3
439,Nishihara,JP,2021-01-28 00:10:26,26.1842,127.7558,64.4,68,75,14.97
440,Cobija,BO,2021-01-28 00:19:58,-11.0267,-68.7692,78.8,89,75,4.61
441,Ponta Do Sol,PT,2021-01-28 00:10:38,32.6667,-17.1,60.01,78,87,1.01
442,Tautira,PF,2021-01-28 00:10:21,-17.7333,-149.15,86.0,66,75,11.5
443,Oil City,US,2021-01-28 00:19:58,41.4339,-79.7064,25.0,79,75,4.61
444,Dubbo,AU,2021-01-28 00:10:25,-32.25,148.6167,78.8,53,40,21.85
445,Putai,FR,2021-01-28 00:19:59,46.6579,1.9863,51.8,93,90,14.97
446,Cairns,AU,2021-01-28 00:19:59,-16.9167,145.7667,78.8,89,75,5.75
447,Sinegorye,RU,2021-01-28 00:19:59,62.0788,150.477,-31.95,79,99,1.72
448,Shirokiy,RU,2021-01-28 00:19:59,49.758,129.523,-24.7,86,39,2.1
449,Ucar,AZ,2021-01-28 00:19:59,40.519,47.6542,26.6,93,25,3.44
450,Hami,CN,2021-01-28 00:10:00,42.8,93.45,16.45,84,32,0.74
451,Shingu,JP,2021-01-28 00:20:00,33.7333,135.9833,46.4,71,75,4.61
452,Cabra,ES,2021-01-28 00:20:00,37.4725,-4.4421,48.2,100,90,2.42
453,Virginia Beach,US,2021-01-28 00:20:00,36.8529,-75.978,44.01,73,57,1.99
454,Qinggang,CN,2021-01-28 00:20:00,46.6833,126.0833,-12.75,88,2,9.86
455,Voloshka,RU,2021-01-28 00:19:10,61.3314,40.0858,25.56,98,97,5.99
456,Katangli,RU,2021-01-28 00:20:01,51.7102,143.2326,8.64,95,100,15.43
457,Tahe,CN,2021-01-28 00:20:01,52.3333,124.7333,-23.53,82,100,6.38
458,Souillac,MU,2021-01-28 00:20:03,-20.5167,57.5167,73.4,88,20,4.61
459,Dukstas,LT,2021-01-28 00:20:03,55.5333,26.3333,28.96,98,99,6.69
460,Carnduff,CA,2021-01-28 00:20:03,49.1667,-101.8009,-8.0,79,100,5.99
461,Isla Mujeres,MX,2021-01-28 00:19:26,21.2311,-86.731,80.01,83,75,4.61
462,Gedangan,ID,2021-01-28 00:20:04,-7.3908,112.7267,77.0,94,20,6.91
463,Tyukhtet,RU,2021-01-28 00:20:04,56.5389,89.3011,-16.74,87,99,6.62
464,Wagar,SD,2021-01-28 00:20:04,16.1525,36.2032,69.01,74,40,9.95
465,Ola,RU,2021-01-28 00:19:31,59.5833,151.2833,-14.13,82,0,10.36
466,Carauari,BR,2021-01-28 00:20:04,-4.8828,-66.8958,75.81,94,82,0.54
467,Nanortalik,GL,2021-01-28 00:20:05,60.1432,-45.2371,24.91,95,100,6.98
468,Prince Rupert,CA,2021-01-28 00:20:05,54.3161,-130.3201,37.4,86,75,2.3
469,Maneromango,TZ,2021-01-28 00:20:05,-7.1988,38.7848,69.28,100,24,3.38
470,Turukhansk,RU,2021-01-28 00:19:40,65.8167,87.9833,-34.89,77,92,4.56
471,Kantang,TH,2021-01-28 00:20:06,7.4054,99.5156,77.0,88,20,4.61
472,Santa Cecilia,BR,2021-01-28 00:20:06,-26.9608,-50.4269,65.25,96,100,4.18
473,Neepawa,CA,2021-01-28 00:20:07,50.2289,-99.4664,-11.2,70,20,9.22
474,Bandar-E Lengeh,IR,2021-01-28 00:20:07,26.5579,54.8807,59.0,94,6,3.56
475,Awbari,LY,2021-01-28 00:20:07,26.5921,12.7805,43.41,57,0,2.82
476,Kars,TR,2021-01-28 00:20:08,40.602,43.095,12.2,85,75,4.61
477,Praxedis Guerrero,MX,2021-01-28 00:20:08,31.3667,-106.0167,50.0,21,75,6.91
478,Praya,CV,2021-01-28 00:20:08,14.9215,-23.5087,69.8,78,0,17.27
479,Siocon,PH,2021-01-28 00:20:08,7.7061,122.1353,79.86,77,92,6.51
480,Yuli,NG,2021-01-28 00:20:09,9.6989,10.2744,74.91,19,18,8.86
481,Hidalgo,MX,2021-01-28 00:20:09,20.5,-99.0,57.18,84,49,12.97
482,Aguimes,ES,2021-01-28 00:20:09,27.9054,-15.4461,71.01,88,0,11.5
483,Tolmachevo,RU,2021-01-28 00:20:09,54.9824,82.7363,21.2,93,90,8.95
484,Krasnyy Kut,RU,2021-01-28 00:20:10,50.95,46.9667,22.71,97,100,13.4
485,Hirara,JP,2021-01-28 00:19:42,24.8,125.2833,66.2,68,40,11.5
486,Matara,LK,2021-01-28 00:20:10,5.9485,80.5353,72.09,87,28,4.74
487,Wasilla,US,2021-01-28 00:16:18,61.5814,-149.4394,12.99,92,1,1.48
488,George Town,MY,2021-01-28 00:20:11,5.4112,100.3354,78.01,88,20,4.5
489,General Roca,AR,2021-01-28 00:19:39,-39.0333,-67.5833,71.6,35,0,11.5
490,Baracoa,CU,2021-01-28 00:20:11,20.3467,-74.4958,73.65,81,24,4.12
491,Sawankhalok,TH,2021-01-28 00:20:12,17.316,99.8319,75.99,88,1,2.3
492,Ilebo,CD,2021-01-28 00:20:12,-4.3167,20.5833,71.76,96,100,1.57
493,Katsuura,JP,2021-01-28 00:20:12,35.1333,140.3,46.0,65,0,16.11
494,Abu Samrah,SY,2021-01-28 00:20:12,35.3029,37.1841,50.07,85,77,14.83
495,Nemencine,LT,2021-01-28 00:20:12,54.85,25.4833,30.0,93,90,10.36
496,Buraydah,SA,2021-01-28 00:20:13,26.326,43.975,59.0,47,0,6.91
497,Redmond,US,2021-01-28 00:20:13,47.674,-122.1215,45.0,76,94,2.91
498,Sangar,RU,2021-01-28 00:20:13,63.9242,127.4739,-52.69,74,100,0.36
499,Marigot,MF,2021-01-28 00:20:13,18.0667,-63.0833,78.01,73,40,9.22
500,Muros,ES,2021-01-28 00:20:13,42.7762,-9.0603,57.99,94,100,8.01
501,Mundo Nuevo,MX,2021-01-28 00:20:14,18.7,-95.5,76.17,85,58,21.32
502,Milkovo,RU,2021-01-28 00:20:14,54.7167,158.6167,6.78,89,0,0.38
503,Ilabaya,PE,2021-01-28 00:20:14,-17.4208,-70.5133,68.47,54,86,3.22
504,Marsh Harbour,BS,2021-01-28 00:20:14,26.5412,-77.0636,75.31,81,32,9.4
505,Nefteyugansk,RU,2021-01-28 00:20:15,61.0998,72.6035,-22.0,69,40,11.18
506,Belyy Yar,RU,2021-01-28 00:20:15,53.6039,91.3903,23.0,68,0,8.95
507,Mandasa,IN,2021-01-28 00:20:15,18.8667,84.4667,68.22,90,30,3.24
508,Galesong,ID,2021-01-28 00:20:16,-5.3166,119.3661,75.2,100,20,4.61
509,Esso,RU,2021-01-28 00:20:16,55.9333,158.7,7.38,86,19,3.36
510,Tura,IN,2021-01-28 00:20:16,25.5198,90.2201,55.45,70,0,3.44
511,Bilibino,RU,2021-01-28 00:20:16,68.0546,166.4372,-11.36,84,100,7.07
512,Medina,SA,2021-01-28 00:18:12,24.4686,39.6142,68.0,56,0,3.44
513,Ambilobe,MG,2021-01-28 00:20:16,-13.2,49.05,73.62,92,22,1.61
514,Saint-Georges,GD,2021-01-28 00:17:43,12.0564,-61.7485,78.8,78,20,12.66
515,Najran,SA,2021-01-28 00:20:17,17.4924,44.1277,53.6,43,0,1.92
516,Soubre,CI,2021-01-28 00:20:17,5.7856,-6.6083,74.07,92,2,2.55
517,Trinidad,BO,2021-01-28 00:20:17,-14.8333,-64.9,78.8,94,90,9.22
518,Trelew,AR,2021-01-28 00:16:05,-43.249,-65.3051,64.67,41,69,15.57
519,Bandarbeyla,SO,2021-01-28 00:20:18,9.4942,50.8122,73.04,75,37,16.15
520,Tutoia,BR,2021-01-28 00:20:18,-2.7619,-42.2744,79.81,81,99,10.04
521,Alice Springs,AU,2021-01-28 00:07:52,-23.7,133.8833,77.0,65,75,5.75
522,Qaqortoq,GL,2021-01-28 00:20:18,60.7167,-46.0333,37.4,35,75,31.07
523,Rovaniemi,FI,2021-01-28 00:20:18,66.5,25.7167,17.6,86,90,13.8
524,Paita,PE,2021-01-28 00:20:18,-5.0892,-81.1144,78.8,69,75,12.66
525,Inhambane,MZ,2021-01-28 00:20:19,-23.865,35.3833,78.8,88,21,7.02
526,Mitsamiouli,KM,2021-01-28 00:15:51,-11.3847,43.2844,81.84,67,1,6.42
527,Payo,ID,2021-01-28 00:10:37,-3.7508,103.6372,71.65,96,100,2.35
528,Ritchie,ZA,2021-01-28 00:20:19,-29.038,24.6028,59.0,94,28,6.91
529,Peniche,PT,2021-01-28 00:20:20,39.3558,-9.3811,57.99,95,100,8.99
530,Komsomolskiy,UZ,2021-01-28 00:20:20,40.4272,71.7189,26.6,63,0,6.91
531,Clacton-On-Sea,GB,2021-01-28 00:20:21,51.7897,1.156,46.0,98,100,1.01
532,Esqueda,MX,2021-01-28 00:20:21,30.7167,-109.5833,47.75,51,69,5.93
533,Marsa Matruh,EG,2021-01-28 00:20:21,31.3525,27.2453,51.8,54,40,10.36
534,Camacha,PT,2021-01-28 00:20:22,33.0833,-16.3333,60.8,100,75,10.36
535,Krasnoarmeysk,RU,2021-01-28 00:20:22,51.0239,45.6969,21.99,80,100,5.99
536,Wenling,CN,2021-01-28 00:20:22,28.3669,121.36,53.01,85,81,3.4
537,Naze,JP,2021-01-28 00:10:34,28.3667,129.4833,62.6,59,75,10.36
538,San Carlos De Bariloche,AR,2021-01-28 00:20:23,-41.1456,-71.3082,53.6,58,40,20.71
539,Chumphon,TH,2021-01-28 00:20:23,10.3333,98.8333,77.0,88,20,4.61
540,La Ronge,CA,2021-01-28 00:20:23,55.1001,-105.2842,1.4,71,38,5.75
541,Seinajoki,FI,2021-01-28 00:20:23,62.7945,22.8282,24.01,93,75,5.75
542,Sao Miguel Do Araguaia,BR,2021-01-28 00:20:23,-13.275,-50.1628,74.34,87,88,3.38
543,Alyangula,AU,2021-01-28 00:19:18,-13.8483,136.4192,84.2,79,75,11.5
544,Matagami,CA,2021-01-28 00:20:24,49.7502,-77.6328,5.0,92,90,9.22
545,Deer Lake,CA,2021-01-28 00:19:46,49.1667,-57.4316,26.6,80,90,4.61
546,Nicoya,CR,2021-01-28 00:20:24,10.1483,-85.452,82.4,54,0,13.8
547,Sioux Lookout,CA,2021-01-28 00:09:46,50.1001,-91.917,-7.6,71,20,2.3
548,Bintulu,MY,2021-01-28 00:20:24,3.1667,113.0333,75.2,94,40,6.67
549,Husavik,IS,2021-01-28 00:20:25,66.0449,-17.3389,17.6,86,75,4.61
550,Kholm,RU,2021-01-28 00:20:25,59.2667,32.85,28.83,98,99,2.39
551,Makakilo City,US,2021-01-28 00:20:25,21.3469,-158.0858,84.2,51,75,10.36
552,Masuguru,TZ,2021-01-28 00:20:25,-11.3667,38.4167,72.0,94,35,2.84
553,Luderitz,NA,2021-01-28 00:10:43,-26.6481,15.1594,67.51,59,0,26.57
554,Severo-Yeniseyskiy,RU,2021-01-28 00:20:26,60.3725,93.0408,-33.38,85,100,2.06
555,Sungairaya,ID,2021-01-28 00:20:26,0.7,108.9,76.59,87,100,7.11
556,Kroya,ID,2021-01-28 00:20:26,-7.6331,109.2461,77.59,83,97,4.29
557,Naryan-Mar,RU,2021-01-28 00:20:26,67.6713,53.087,-4.52,91,100,18.14
558,Mumford,GH,2021-01-28 00:20:27,5.2618,-0.759,78.4,89,33,9.31
559,Tecoanapa,MX,2021-01-28 00:20:27,16.5167,-98.75,80.55,64,86,4.36
560,Cartagena,CO,2021-01-28 00:20:27,10.3997,-75.5144,78.8,83,0,11.5
561,Guasdualito,VE,2021-01-28 00:20:28,7.2424,-70.7324,78.98,57,95,3.74
562,Melfi,IT,2021-01-28 00:20:28,40.9965,15.6514,41.0,63,99,1.01
563,Gobabis,NA,2021-01-28 00:20:28,-22.45,18.9667,73.04,33,99,8.7
564,Nandura,IN,2021-01-28 00:20:28,20.8333,76.45,61.74,46,0,2.44
565,Seoul,KR,2021-01-28 00:20:00,37.5683,126.9778,33.8,51,75,10.36
566,Bitung,ID,2021-01-28 00:20:29,1.4451,125.1824,78.8,89,20,1.14
567,Andenes,NO,2021-01-28 00:19:01,69.3143,16.1194,28.99,64,90,19.57
568,Ocala,US,2021-01-28 00:20:29,29.1872,-82.1401,68.0,100,75,4.61
569,Tianpeng,CN,2021-01-28 00:18:08,30.9866,103.9393,42.8,93,52,2.24
570,Leua,SK,2021-01-28 00:20:30,48.2156,18.6071,30.99,89,0,3.83
571,Mocuba,MZ,2021-01-28 00:11:37,-16.8392,36.9856,72.5,95,100,2.15
572,Xining,CN,2021-01-28 00:11:32,36.6167,101.7667,8.64,72,39,3.38
573,Gravelbourg,CA,2021-01-28 00:20:30,49.8834,-106.5512,6.8,78,85,18.41
574,Ewa Beach,US,2021-01-28 00:17:12,21.3156,-158.0072,84.2,51,75,10.36
575,Batticaloa,LK,2021-01-28 00:20:31,7.7102,81.6924,76.12,78,92,8.55
576,Bunia,CD,2021-01-28 00:20:31,1.5667,30.25,68.36,50,81,4.05
577,Ulu-Telyak,RU,2021-01-28 00:20:31,54.9086,56.9669,18.59,96,99,4.43
578,Tete,MZ,2021-01-28 00:20:31,-16.1564,33.5867,77.0,94,40,1.52
579,Horsham,GB,2021-01-28 00:20:31,51.064,-0.3272,48.99,100,75,4.61
580,Saint-Jean-De-Maurienne,FR,2021-01-28 00:20:32,45.1667,6.5833,37.99,81,99,5.64
581,Candido Mendes,BR,2021-01-28 00:20:32,-1.4467,-45.7167,77.11,88,70,3.27
582,Kawalu,ID,2021-01-28 00:20:32,-7.3817,108.2082,73.85,84,100,1.59
583,Oksfjord,NO,2021-01-28 00:20:32,70.2396,22.3479,21.2,68,75,13.8
584,Maragogi,BR,2021-01-28 00:16:01,-9.0122,-35.2225,77.22,83,23,9.13
