City_ID,City,Country,Date,Lat,Lng,Max Temp,Humidity,Cloudiness,Wind Speed,Current Description
0,Cape Town,ZA,2021-02-01 13:53:04,-33.9258,18.4232,78.8,36,0,25.32,clear sky
1,Hermanus,ZA,2021-02-01 13:55:22,-34.4187,19.2345,73.0,52,0,8.99,clear sky
2,Pemba,MZ,2021-02-01 14:01:42,-12.974,40.5178,86.0,79,20,13.8,few clouds
3,Ushuaia,AR,2021-02-01 13:55:00,-54.8,-68.3,48.2,76,75,28.77,light rain
4,Nanortalik,GL,2021-02-01 13:56:07,60.1432,-45.2371,31.46,92,99,0.54,overcast clouds
5,Adrar,MR,2021-02-01 13:56:34,20.5022,-10.0711,84.45,12,97,8.81,overcast clouds
6,Rikitea,PF,2021-02-01 13:55:21,-23.1203,-134.9692,78.35,74,1,10.45,clear sky
7,Juneau,US,2021-02-01 14:00:10,58.3019,-134.4197,15.8,79,40,5.7,scattered clouds
8,Maun,BW,2021-02-01 14:01:44,-19.9833,23.4167,80.6,83,75,5.75,light rain
9,East London,ZA,2021-02-01 13:55:14,-33.0153,27.9116,68.0,64,40,11.5,scattered clouds
10,Saint-Philippe,RE,2021-02-01 13:55:21,-21.3585,55.7679,86.0,66,0,27.63,clear sky
11,Lac Du Bonnet,CA,2021-02-01 14:01:45,50.2536,-96.0612,2.77,95,86,2.06,overcast clouds
12,Touho,NC,2021-02-01 14:01:45,-20.7833,165.2333,77.23,79,100,22.03,overcast clouds
13,Killybegs,IE,2021-02-01 14:01:45,54.6333,-8.45,41.0,93,90,10.36,overcast clouds
14,Villa Maria,AR,2021-02-01 14:01:45,-32.4075,-63.2402,61.0,97,100,3.0,overcast clouds
15,Puerto Ayora,EC,2021-02-01 13:55:27,-0.7393,-90.3518,79.0,90,80,5.01,broken clouds
16,Kapaa,US,2021-02-01 13:55:07,22.0752,-159.319,71.6,78,40,10.36,light rain
17,Bethel,US,2021-02-01 13:51:38,41.3712,-73.414,24.01,86,90,14.97,light snow
18,Punta Arenas,CL,2021-02-01 13:55:10,-53.15,-70.9167,53.6,71,75,26.46,light rain
19,Dakar,SN,2021-02-01 13:55:22,14.6937,-17.4441,87.8,8,0,10.36,clear sky
20,Busselton,AU,2021-02-01 13:55:07,-33.65,115.3333,78.01,44,0,4.0,clear sky
21,Morwell,AU,2021-02-01 14:01:47,-38.2333,146.4,57.0,82,84,1.01,broken clouds
22,Saint Anthony,US,2021-02-01 14:01:47,45.0205,-93.218,26.6,74,90,9.22,overcast clouds
23,Mwinilunga,ZM,2021-02-01 14:01:47,-11.7358,24.4293,72.88,84,100,5.08,light rain
24,Bollnas,SE,2021-02-01 13:53:20,61.3482,16.3946,17.35,94,0,2.1,clear sky
25,Mataura,NZ,2021-02-01 13:55:02,-46.1927,168.8643,51.84,86,1,1.81,clear sky
26,Nikolskoye,RU,2021-02-01 13:55:20,59.7035,30.7861,27.0,86,75,11.18,light snow
27,Albany,US,2021-02-01 13:55:13,42.6001,-73.9662,15.01,64,100,1.01,light snow
28,Huarmey,PE,2021-02-01 14:01:48,-10.0681,-78.1522,72.66,70,87,6.96,overcast clouds
29,Aklavik,CA,2021-02-01 14:01:48,68.2191,-135.0107,-14.8,76,100,8.05,overcast clouds
30,Kuryk,KZ,2021-02-01 14:01:49,43.2,51.65,46.69,73,5,3.91,clear sky
31,Mount Isa,AU,2021-02-01 13:56:52,-20.7333,139.5,91.4,38,90,8.05,overcast clouds
32,Isla Mujeres,MX,2021-02-01 13:58:36,21.2311,-86.731,75.0,94,20,14.63,few clouds
33,Bluff,NZ,2021-02-01 13:55:03,-46.6,168.3333,55.33,89,5,6.24,clear sky
34,Rio Esteban,HN,2021-02-01 14:01:49,15.8333,-86.3,77.0,88,75,5.48,broken clouds
35,Butaritari,KI,2021-02-01 13:55:18,3.0707,172.7902,80.96,85,42,14.09,light rain
36,Saquena,PE,2021-02-01 14:01:50,-4.6667,-73.5167,77.65,87,100,2.42,overcast clouds
37,Kununurra,AU,2021-02-01 13:53:33,-15.7667,128.7333,78.8,100,90,4.61,overcast clouds
38,Liberal,US,2021-02-01 14:01:50,37.0431,-100.921,24.8,80,1,6.91,clear sky
39,Saint George,US,2021-02-01 13:55:24,37.1041,-113.5841,42.8,61,1,4.7,clear sky
40,Olivenza,ES,2021-02-01 14:01:51,38.6832,-7.103,61.0,67,40,13.8,scattered clouds
41,Yeppoon,AU,2021-02-01 14:01:52,-23.1333,150.7333,77.0,69,0,6.91,clear sky
42,Nabire,ID,2021-02-01 13:57:26,-3.3667,135.4833,75.0,90,100,3.65,overcast clouds
43,Xiamen,CN,2021-02-01 14:01:52,24.4798,118.0819,59.0,88,40,2.24,scattered clouds
44,Lasa,IT,2021-02-01 13:55:34,46.6166,10.7002,44.01,69,20,6.91,few clouds
45,Dicabisagan,PH,2021-02-01 14:01:52,17.0818,122.4157,70.61,82,24,4.14,few clouds
46,La Paz,BO,2021-02-01 14:01:53,-16.5,-68.15,51.8,62,75,6.91,broken clouds
47,Grindavik,IS,2021-02-01 13:55:11,63.8424,-22.4338,28.4,64,0,10.36,clear sky
48,Onega,RU,2021-02-01 14:01:53,63.9061,38.1404,11.3,96,97,5.59,light snow
49,Wajima,JP,2021-02-01 14:01:53,37.4,136.9,49.82,85,100,22.93,moderate rain
50,Capao Bonito,BR,2021-02-01 14:01:53,-24.0058,-48.3494,75.45,74,89,5.46,overcast clouds
51,Ribeira Grande,PT,2021-02-01 13:55:00,38.5167,-28.7,64.4,77,20,28.77,few clouds
52,La Palma,US,2021-02-01 14:01:54,33.8464,-118.0467,60.8,47,90,3.74,overcast clouds
53,Castro,BR,2021-02-01 13:55:36,-24.7911,-50.0119,75.51,77,29,9.51,scattered clouds
54,Modakeke,NG,2021-02-01 14:01:54,7.3833,4.2667,105.66,16,0,0.87,clear sky
55,Bengkulu,ID,2021-02-01 13:55:53,-3.8004,102.2655,78.87,84,100,3.33,overcast clouds
56,Hamilton,US,2021-02-01 13:52:44,39.1834,-84.5333,28.99,86,90,13.8,light snow
57,Coquimbo,CL,2021-02-01 13:57:06,-29.9533,-71.3436,60.8,100,90,6.91,mist
58,Samarai,PG,2021-02-01 14:01:55,-10.6167,150.6667,81.75,79,98,15.99,overcast clouds
59,Almetyevsk,RU,2021-02-01 13:59:59,54.9044,52.3154,16.23,95,62,10.76,broken clouds
60,Kieta,PG,2021-02-01 14:01:55,-6.2167,155.6333,81.55,77,100,11.99,light rain
61,Port Elizabeth,ZA,2021-02-01 13:55:39,-33.918,25.5701,69.8,52,40,11.5,scattered clouds
62,Manokwari,ID,2021-02-01 14:01:55,-0.8667,134.0833,76.59,88,100,8.5,light rain
63,Saint-Prosper,CA,2021-02-01 14:01:56,46.2117,-70.4811,-13.0,77,1,2.3,clear sky
64,Khatanga,RU,2021-02-01 13:55:10,71.9667,102.5,-31.5,83,0,9.28,clear sky
65,Tiksi,RU,2021-02-01 13:55:01,71.6872,128.8694,-21.87,88,100,8.95,overcast clouds
66,Deqing,CN,2021-02-01 14:01:56,30.5448,119.9599,51.01,96,83,7.0,broken clouds
67,Taoudenni,ML,2021-02-01 13:56:14,22.6783,-3.9836,88.03,12,0,13.42,clear sky
68,Rio Grande,BR,2021-02-01 13:57:07,-32.035,-52.0986,77.0,88,75,3.44,broken clouds
69,Airai,TL,2021-02-01 13:56:00,-8.9266,125.4092,62.01,97,100,2.33,overcast clouds
70,Kitgum,UG,2021-02-01 13:58:03,3.2783,32.8867,96.71,12,100,11.43,overcast clouds
71,Barreirinha,BR,2021-02-01 14:01:58,-2.7933,-57.07,81.07,77,82,3.78,broken clouds
72,Zaysan,KZ,2021-02-01 13:57:40,47.4667,84.8667,12.15,89,100,3.11,overcast clouds
73,Batemans Bay,AU,2021-02-01 13:55:39,-35.7167,150.1833,62.01,94,100,5.99,moderate rain
74,Taksimo,RU,2021-02-01 13:55:26,56.3444,114.8794,-26.79,73,80,3.44,broken clouds
75,Tasiilaq,GL,2021-02-01 13:55:13,65.6145,-37.6368,15.8,62,75,1.14,broken clouds
76,Gat,IL,2021-02-01 13:55:35,31.61,34.7642,75.0,37,0,1.01,clear sky
77,Nombre De Dios,MX,2021-02-01 14:01:59,23.85,-104.2333,45.0,52,1,1.79,clear sky
78,Lodja,CD,2021-02-01 14:01:59,-3.4833,23.4333,81.27,65,93,3.2,overcast clouds
79,Peterhead,GB,2021-02-01 14:02:00,57.5058,-1.7981,37.99,87,75,4.61,broken clouds
80,Mbour,SN,2021-02-01 14:02:00,14.422,-16.9638,87.8,8,0,10.36,clear sky
81,Lebu,CL,2021-02-01 13:55:56,-37.6167,-73.65,60.6,79,50,13.2,scattered clouds
82,Agirish,RU,2021-02-01 14:02:01,61.9247,63.0231,21.47,97,100,11.68,overcast clouds
83,Bintulu,MY,2021-02-01 14:02:01,3.1667,113.0333,75.2,100,40,3.44,moderate rain
84,Lagoa,PT,2021-02-01 13:55:32,39.05,-27.9833,60.87,80,100,29.04,overcast clouds
85,Lieksa,FI,2021-02-01 14:02:01,63.3167,30.0167,18.37,97,100,3.56,light snow
86,Mugur-Aksy,RU,2021-02-01 14:02:02,50.35,90.5,10.08,67,100,4.05,overcast clouds
87,Lebedinyy,RU,2021-02-01 13:56:19,58.5167,125.5167,-36.87,82,100,2.77,overcast clouds
88,Xai-Xai,MZ,2021-02-01 13:57:24,-25.0519,33.6442,87.28,66,91,11.14,overcast clouds
89,Mar Del Plata,AR,2021-02-01 13:56:17,-38.0023,-57.5575,66.2,77,90,13.8,light rain
90,Vila Velha,BR,2021-02-01 13:54:23,-20.3297,-40.2925,87.8,51,20,10.36,few clouds
91,Saint-Augustin,CA,2021-02-01 13:55:55,51.226,-58.6502,15.57,87,0,8.3,clear sky
92,Bayji,IQ,2021-02-01 14:02:03,34.9311,43.487,61.83,40,0,4.0,clear sky
93,Marrakesh,MA,2021-02-01 13:56:15,31.6315,-8.0083,77.0,31,0,6.91,clear sky
94,New Norfolk,AU,2021-02-01 13:55:06,-42.7826,147.0587,57.2,77,0,5.75,clear sky
95,Khor,RU,2021-02-01 13:56:36,47.8861,134.9464,-6.56,91,100,6.53,overcast clouds
96,Moron,AR,2021-02-01 13:54:25,-34.6534,-58.6198,70.0,94,90,11.5,overcast clouds
97,Kuala Selangor,MY,2021-02-01 14:02:05,3.35,101.25,78.8,83,20,3.44,few clouds
98,Muravlenko,RU,2021-02-01 14:02:05,63.7898,74.523,4.33,94,100,15.84,overcast clouds
99,Quezon,PH,2021-02-01 14:02:05,7.7303,125.0989,71.78,87,100,3.51,overcast clouds
100,Haizhou,CN,2021-02-01 14:02:06,34.5817,119.1289,36.91,70,0,15.57,clear sky
101,Vaini,TO,2021-02-01 13:55:33,-21.2,-175.2,77.0,94,90,13.8,light rain
102,Bambous Virieux,MU,2021-02-01 13:55:26,-20.3428,57.7575,84.2,79,75,13.8,light rain
103,Gravdal,NO,2021-02-01 14:02:07,68.1214,13.5031,28.4,86,20,5.75,light snow
104,Lerwick,GB,2021-02-01 13:57:40,60.1545,-1.1494,35.6,80,20,9.22,few clouds
105,Kadaya,RU,2021-02-01 14:02:08,50.9327,119.2911,-31.56,80,0,3.18,clear sky
106,Ikon-Khalk,RU,2021-02-01 14:02:08,44.3051,41.9142,44.76,65,100,4.34,overcast clouds
107,Cabo San Lucas,MX,2021-02-01 13:55:18,22.8909,-109.9124,62.6,72,20,4.14,few clouds
108,Jamestown,US,2021-02-01 13:55:57,42.097,-79.2353,25.0,93,90,11.5,light snow
109,Santa Catalina,PH,2021-02-01 14:02:09,9.3337,122.8637,78.13,80,100,8.66,overcast clouds
110,Dikson,RU,2021-02-01 13:55:17,73.5069,80.5464,-22.83,84,78,10.36,broken clouds
111,Saskylakh,RU,2021-02-01 13:55:44,71.9167,114.0833,-31.86,83,63,7.34,broken clouds
112,Port Alfred,ZA,2021-02-01 13:55:11,-33.5906,26.891,73.0,63,96,1.99,overcast clouds
113,Chokurdakh,RU,2021-02-01 13:55:30,70.6333,147.9167,-13.65,88,100,12.41,overcast clouds
114,Rocha,UY,2021-02-01 13:55:41,-34.4833,-54.3333,72.27,83,90,12.57,overcast clouds
115,Atuona,PF,2021-02-01 13:55:16,-9.8,-139.0333,78.1,76,2,17.05,clear sky
116,Barguzin,RU,2021-02-01 14:02:10,53.6167,109.6167,-22.02,74,67,0.67,broken clouds
117,Hobart,AU,2021-02-01 13:52:51,-42.8794,147.3294,57.2,77,3,5.75,clear sky
118,Kjopsvik,NO,2021-02-01 14:02:11,68.097,16.3742,24.01,93,40,2.3,scattered clouds
119,Hilo,US,2021-02-01 13:51:26,19.7297,-155.09,62.6,77,1,8.05,clear sky
120,Itarema,BR,2021-02-01 13:55:19,-2.9248,-39.9167,87.96,58,84,17.18,broken clouds
121,Yingcheng,CN,2021-02-01 14:02:12,30.95,113.55,46.4,93,0,4.47,mist
122,Qaqortoq,GL,2021-02-01 14:02:12,60.7167,-46.0333,32.0,59,75,3.44,broken clouds
123,Souillac,MU,2021-02-01 13:55:41,-20.5167,57.5167,84.2,79,75,13.8,light rain
124,Chuy,UY,2021-02-01 13:57:18,-33.6971,-53.4616,74.23,85,66,12.24,light rain
125,Belyy Yar,RU,2021-02-01 14:02:12,53.6039,91.3903,-11.2,77,100,2.24,smoke
126,Saint-Pierre,RE,2021-02-01 13:55:49,-21.3393,55.4781,86.0,66,0,27.63,clear sky
127,Sao Felix Do Xingu,BR,2021-02-01 13:53:01,-6.6447,-51.995,87.33,63,36,1.32,scattered clouds
128,Severo-Kurilsk,RU,2021-02-01 13:56:54,50.6789,156.125,19.83,93,95,35.43,light snow
129,Boueni,YT,2021-02-01 14:02:13,-12.9025,45.0761,87.8,66,0,5.75,clear sky
130,Port Hardy,CA,2021-02-01 13:55:44,50.6996,-127.4199,42.8,100,75,3.44,light rain
131,Gisborne,NZ,2021-02-01 14:02:14,-38.6533,178.0042,57.0,88,100,1.99,overcast clouds
132,Nhulunbuy,AU,2021-02-01 14:02:14,-12.2333,136.7667,77.0,94,90,8.05,overcast clouds
133,Longyearbyen,SJ,2021-02-01 13:57:01,78.2186,15.6401,14.0,57,75,3.44,broken clouds
134,Uvat,RU,2021-02-01 14:02:14,59.1433,68.8953,8.67,95,72,10.2,broken clouds
135,Ilulissat,GL,2021-02-01 13:55:32,69.2167,-51.1,6.8,72,75,4.61,light snow
136,Deputatskiy,RU,2021-02-01 14:02:15,69.3,139.9,-28.64,87,100,2.3,overcast clouds
137,Ust-Nera,RU,2021-02-01 14:02:15,64.5667,143.2,-33.16,73,97,6.69,overcast clouds
138,Zhigansk,RU,2021-02-01 13:56:21,66.7697,123.3711,-49.5,77,52,2.26,broken clouds
139,Pogranichnyy,RU,2021-02-01 14:02:16,44.4064,131.3769,-4.49,82,13,9.6,few clouds
140,Hithadhoo,MV,2021-02-01 13:55:59,-0.6,73.0833,83.26,73,10,8.19,clear sky
141,Tuktoyaktuk,CA,2021-02-01 13:56:11,69.4541,-133.0374,-16.2,88,100,10.18,overcast clouds
142,Jiexiu,CN,2021-02-01 14:02:16,37.0244,111.9125,27.84,59,0,6.33,clear sky
143,Codrington,AU,2021-02-01 13:55:41,-38.2667,141.9667,55.98,86,6,7.58,clear sky
144,Rzhaksa,RU,2021-02-01 14:02:16,52.1338,42.0264,25.79,99,100,8.37,snow
145,Bereda,ES,2021-02-01 13:55:22,43.2686,-7.5406,54.0,96,100,10.0,overcast clouds
146,Pevek,RU,2021-02-01 14:02:17,69.7008,170.3133,1.26,84,100,3.62,light snow
147,Miri,MY,2021-02-01 13:57:43,4.4148,114.0089,77.0,100,40,3.44,moderate rain
148,Touros,BR,2021-02-01 13:57:09,-5.1989,-35.4608,87.8,58,75,18.41,broken clouds
149,Qaanaaq,GL,2021-02-01 13:55:48,77.484,-69.3632,-10.64,82,69,3.89,broken clouds
150,Ovalle,CL,2021-02-01 14:02:18,-30.5983,-71.2003,72.25,56,8,4.5,clear sky
151,Coahuayana,MX,2021-02-01 13:55:53,18.7333,-103.6833,69.8,64,1,3.02,clear sky
152,Padang,ID,2021-02-01 13:56:48,-0.9492,100.3543,75.2,94,40,3.49,scattered clouds
153,Axim,GH,2021-02-01 13:56:21,4.8699,-2.2405,83.82,72,64,10.0,light rain
154,Avera,US,2021-02-01 13:55:37,33.194,-82.5271,42.8,81,75,14.97,broken clouds
155,Half Moon Bay,US,2021-02-01 13:56:10,37.4636,-122.4286,53.01,93,20,6.91,few clouds
156,Eureka,US,2021-02-01 13:55:55,40.8021,-124.1637,57.2,44,1,10.36,clear sky
157,Anadyr,RU,2021-02-01 13:56:25,64.75,177.4833,15.8,86,90,69.35,snow
158,Barrow,US,2021-02-01 13:51:47,71.2906,-156.7887,-16.6,83,1,10.36,clear sky
159,Luanda,AO,2021-02-01 13:57:13,-8.8368,13.2343,89.6,58,40,12.66,scattered clouds
160,Okhotsk,RU,2021-02-01 13:55:40,59.3833,143.3,-20.51,77,48,15.88,scattered clouds
161,Berlevag,NO,2021-02-01 13:55:20,70.8578,29.0864,30.2,74,75,19.57,light snow
162,Victoria,HK,2021-02-01 13:55:28,22.2855,114.1577,69.01,81,87,7.29,overcast clouds
163,Heihe,CN,2021-02-01 14:02:20,50.2441,127.4902,-23.8,57,0,4.47,clear sky
164,Yellowknife,CA,2021-02-01 13:52:56,62.456,-114.3525,-5.01,84,90,4.61,light snow
165,Husavik,IS,2021-02-01 13:56:13,66.0449,-17.3389,10.4,61,0,8.05,clear sky
166,Los Llanos De Aridane,ES,2021-02-01 13:56:48,28.6585,-17.9182,71.6,68,0,11.5,clear sky
167,Marawi,PH,2021-02-01 13:55:25,7.9986,124.2928,75.99,91,100,5.01,overcast clouds
168,Matara,LK,2021-02-01 13:56:23,5.9485,80.5353,77.41,88,0,5.68,clear sky
169,Kodiak,US,2021-02-01 13:55:07,57.79,-152.4072,28.4,64,1,6.91,clear sky
170,Biak,ID,2021-02-01 14:02:21,-0.9131,122.8766,77.25,81,93,4.18,overcast clouds
171,Launceston,AU,2021-02-01 14:02:21,-41.45,147.1667,57.2,62,35,10.36,scattered clouds
172,Kruisfontein,ZA,2021-02-01 13:55:53,-34.0033,24.7314,71.01,50,100,7.0,overcast clouds
173,Kiruna,SE,2021-02-01 14:02:21,67.8557,20.2251,10.4,92,20,3.44,few clouds
174,Chhatak,BD,2021-02-01 14:02:22,25.0333,91.6667,61.81,47,0,3.85,clear sky
175,Jiangdu,CN,2021-02-01 14:02:22,32.4286,119.5574,45.0,88,2,10.07,clear sky
176,Thompson,CA,2021-02-01 13:55:57,55.7435,-97.8558,6.8,85,90,2.3,light snow
177,Champerico,GT,2021-02-01 14:02:22,14.3,-91.9167,71.6,73,0,1.28,clear sky
178,Itoman,JP,2021-02-01 14:02:23,26.1247,127.6694,66.2,72,20,4.61,few clouds
179,Teguldet,RU,2021-02-01 14:02:23,57.3064,88.1667,-12.24,89,59,4.12,broken clouds
180,Vilhena,BR,2021-02-01 14:02:23,-12.7406,-60.1458,78.8,83,20,9.22,few clouds
181,Chimbarongo,CL,2021-02-01 14:02:23,-34.7,-71.05,69.01,77,75,2.3,haze
182,Port Lincoln,AU,2021-02-01 14:02:23,-34.7333,135.8667,60.48,79,0,13.15,clear sky
183,Upernavik,GL,2021-02-01 13:55:34,72.7868,-56.1549,3.74,93,100,5.53,overcast clouds
184,Hranice,CZ,2021-02-01 14:02:24,49.548,17.7347,32.0,49,100,4.61,overcast clouds
185,Wapi Pathum,TH,2021-02-01 14:02:24,15.8452,103.3768,79.0,99,16,5.21,few clouds
186,Praya,CV,2021-02-01 13:57:53,14.9215,-23.5087,78.8,53,0,20.71,clear sky
187,Constitucion,CL,2021-02-01 13:56:34,-35.3333,-72.4167,66.42,65,0,4.85,clear sky
188,Koson,UZ,2021-02-01 14:02:25,39.0375,65.585,57.2,62,0,6.91,clear sky
189,Chara,RU,2021-02-01 13:55:54,56.9064,118.2631,-34.56,70,98,0.63,overcast clouds
190,Ancud,CL,2021-02-01 13:55:09,-41.8697,-73.8203,57.99,77,0,9.22,clear sky
191,Kirakira,SB,2021-02-01 13:55:05,-10.4544,161.9205,81.34,82,100,22.3,overcast clouds
192,Avarua,CK,2021-02-01 13:55:31,-21.2078,-159.775,73.4,100,40,2.3,scattered clouds
193,Bowen,AU,2021-02-01 14:02:26,-20.0167,148.2333,75.2,83,75,6.91,broken clouds
194,Yugorsk,RU,2021-02-01 14:02:27,61.3133,63.3319,22.64,97,100,11.36,overcast clouds
195,Ahipara,NZ,2021-02-01 13:55:29,-35.1667,173.1667,57.97,88,0,3.58,clear sky
196,Okato,NZ,2021-02-01 14:02:27,-39.2,173.8833,59.0,44,0,11.01,clear sky
197,Macklin,CA,2021-02-01 14:02:28,52.3334,-109.9348,21.2,93,100,2.3,overcast clouds
198,Pontes E Lacerda,BR,2021-02-01 13:59:49,-15.2261,-59.3353,86.92,61,68,3.62,broken clouds
199,Sassandra,CI,2021-02-01 14:02:28,4.95,-6.0833,86.14,68,70,7.0,light rain
200,Fairmont,US,2021-02-01 14:02:29,39.4851,-80.1426,32.0,96,100,2.42,light snow
201,Pravia,ES,2021-02-01 14:02:29,43.4906,-6.1508,68.0,59,40,16.11,scattered clouds
202,Wahiawa,US,2021-02-01 14:02:29,21.5028,-158.0236,71.01,94,40,5.75,scattered clouds
203,Cidreira,BR,2021-02-01 13:53:16,-30.1811,-50.2056,79.99,74,1,8.1,clear sky
204,Patris,GR,2021-02-01 14:02:30,40.5611,22.1861,57.99,74,100,3.27,overcast clouds
205,Havre-Saint-Pierre,CA,2021-02-01 14:02:30,50.2334,-63.5986,6.8,72,1,5.75,clear sky
206,Chulym,RU,2021-02-01 14:02:30,55.0997,80.9572,1.31,84,0,4.88,clear sky
207,Kavieng,PG,2021-02-01 13:56:12,-2.5744,150.7967,82.67,79,100,13.13,light rain
208,Bredasdorp,ZA,2021-02-01 13:55:14,-34.5322,20.0403,69.8,46,0,14.97,clear sky
209,Chauk,MM,2021-02-01 14:02:31,20.8833,94.8167,70.32,27,64,0.81,broken clouds
210,Guerrero Negro,MX,2021-02-01 13:55:49,27.9769,-114.0611,60.66,50,100,1.97,overcast clouds
211,San Antonio,US,2021-02-01 14:00:00,29.4241,-98.4936,50.0,46,1,10.36,clear sky
212,Lowestoft,GB,2021-02-01 14:02:31,52.4752,1.7516,39.99,90,26,4.0,scattered clouds
213,Chapais,CA,2021-02-01 13:55:59,49.7834,-74.8492,-2.2,84,75,3.44,broken clouds
214,Bac Lieu,VN,2021-02-01 14:02:32,9.285,105.7244,76.77,76,62,13.71,broken clouds
215,Cao Bang,VN,2021-02-01 14:02:32,22.6667,106.25,66.63,74,69,3.24,broken clouds
216,Gawler,AU,2021-02-01 13:57:41,-34.6,138.7333,61.0,69,0,1.01,clear sky
217,Durban,ZA,2021-02-01 14:02:32,-29.8579,31.0292,73.4,73,90,21.85,light rain
218,Taiyuan,CN,2021-02-01 14:02:33,37.8694,112.5603,26.6,20,0,8.95,clear sky
219,Sayyan,YE,2021-02-01 14:02:33,15.1718,44.3244,64.49,26,0,14.27,clear sky
220,Dhidhdhoo,MV,2021-02-01 14:02:33,6.8833,73.1,82.4,74,89,11.14,overcast clouds
221,Nome,US,2021-02-01 13:55:35,64.5011,-165.4064,8.6,61,90,24.16,overcast clouds
222,Blagoyevo,RU,2021-02-01 14:02:33,63.3667,47.9167,18.75,96,100,12.73,light snow
223,Isangel,VU,2021-02-01 13:55:55,-19.55,169.2667,78.13,82,87,14.0,overcast clouds
224,Esperance,AU,2021-02-01 13:56:00,-33.8667,121.9,64.4,68,0,12.66,clear sky
225,Pingtung,TW,2021-02-01 14:02:34,22.6714,120.4881,69.01,40,20,1.14,few clouds
226,Jalu,LY,2021-02-01 13:57:49,29.0331,21.5482,73.62,34,100,8.72,overcast clouds
227,Alice Springs,AU,2021-02-01 13:56:55,-23.7,133.8833,84.2,34,22,16.11,few clouds
228,College,US,2021-02-01 13:57:53,64.8569,-147.8028,-13.0,58,1,9.22,clear sky
229,Khorixas,NA,2021-02-01 14:02:35,-20.3667,14.9667,88.45,18,68,16.06,broken clouds
230,Heze,CN,2021-02-01 14:02:35,35.2431,115.4411,40.3,52,0,14.67,clear sky
231,Gornopravdinsk,RU,2021-02-01 13:57:14,60.05,69.9,7.93,94,77,10.02,broken clouds
232,Najran,SA,2021-02-01 13:56:12,17.4924,44.1277,77.0,27,0,4.61,clear sky
233,Masvingo,ZW,2021-02-01 14:02:35,-20.0637,30.8277,83.16,56,100,1.81,overcast clouds
234,Takoradi,GH,2021-02-01 13:55:12,4.8845,-1.7554,84.33,72,60,9.98,light rain
235,Georgetown,MY,2021-02-01 13:53:29,5.4112,100.3354,82.4,78,20,4.61,light rain
236,Lavrentiya,RU,2021-02-01 13:55:46,65.5833,-171.0,-1.93,88,100,19.91,overcast clouds
237,Clyde River,CA,2021-02-01 13:57:58,70.4692,-68.5914,-13.0,70,40,18.41,scattered clouds
238,Bahia Honda,CU,2021-02-01 14:02:36,22.9036,-83.1592,74.01,79,10,9.8,light rain
239,Hofn,IS,2021-02-01 14:02:36,64.2539,-15.2082,30.2,86,75,9.22,broken clouds
240,Petropavlovsk-Kamchatskiy,RU,2021-02-01 14:02:37,53.0452,158.6483,19.4,49,100,22.37,overcast clouds
241,Liaoyang,CN,2021-02-01 14:02:37,41.2719,123.1731,6.8,43,0,8.95,clear sky
242,Qasigiannguit,GL,2021-02-01 14:02:38,68.8193,-51.1922,8.6,72,75,4.61,light snow
243,Fortuna,US,2021-02-01 14:02:39,40.5982,-124.1573,55.0,50,1,17.27,clear sky
244,Ketchikan,US,2021-02-01 13:59:48,55.3422,-131.6461,33.8,100,90,3.87,light rain
245,Shwebo,MM,2021-02-01 14:02:39,22.5667,95.7,68.32,34,0,1.21,clear sky
246,Nichinan,JP,2021-02-01 13:57:54,31.6,131.3667,59.0,93,69,10.0,broken clouds
247,La Asuncion,VE,2021-02-01 14:02:39,11.0333,-63.8628,78.55,75,11,16.64,few clouds
248,Dunedin,NZ,2021-02-01 13:55:14,-45.8742,170.5036,57.0,89,0,4.0,clear sky
249,Olafsvik,IS,2021-02-01 13:56:05,64.8945,-23.7142,33.12,86,100,10.74,overcast clouds
250,Jiaojiang,CN,2021-02-01 14:02:40,28.6803,121.4428,59.0,85,68,4.0,broken clouds
251,Buchanan,LR,2021-02-01 13:55:48,5.8808,-10.0467,91.4,62,75,8.05,haze
252,Formiga,BR,2021-02-01 14:02:41,-20.4644,-45.4264,79.36,69,87,6.89,overcast clouds
253,Banjar,ID,2021-02-01 14:02:41,-8.19,114.9675,82.4,78,40,12.66,scattered clouds
254,Zaraza,VE,2021-02-01 14:02:41,9.3503,-65.3245,83.14,49,43,9.84,scattered clouds
255,Mecca,SA,2021-02-01 14:02:41,21.4267,39.8261,82.35,48,0,15.7,clear sky
256,Atambua,ID,2021-02-01 14:02:41,-9.1061,124.8925,74.91,83,99,1.03,overcast clouds
257,Puerto Del Rosario,ES,2021-02-01 13:54:28,28.5004,-13.8627,69.8,73,20,16.11,few clouds
258,Kyzyl-Suu,KG,2021-02-01 14:01:50,42.3414,78.0056,32.63,84,100,2.44,overcast clouds
259,Clonakilty,IE,2021-02-01 14:02:42,51.6231,-8.8706,46.99,100,90,10.36,fog
260,Ouegoa,NC,2021-02-01 14:02:43,-20.35,164.4333,77.67,75,100,15.95,overcast clouds
261,Aksarka,RU,2021-02-01 14:02:43,66.5606,67.7975,9.91,95,100,10.96,overcast clouds
262,Havelock,US,2021-02-01 14:02:43,34.8791,-76.9013,37.99,100,90,12.66,mist
263,Rawson,AR,2021-02-01 13:53:40,-43.3002,-65.1023,78.1,26,0,8.1,clear sky
264,Abapo,BO,2021-02-01 14:02:44,-18.8333,-63.4667,86.2,56,74,2.44,broken clouds
265,Muscat,OM,2021-02-01 14:02:12,23.6139,58.5922,75.2,57,0,8.05,clear sky
266,Chazuta,PE,2021-02-01 14:02:44,-6.5742,-76.1367,77.0,83,75,0.72,broken clouds
267,Hasaki,JP,2021-02-01 13:55:35,35.7333,140.8333,51.8,76,75,9.22,broken clouds
268,Karasjok,NO,2021-02-01 13:57:24,69.4719,25.5112,10.4,92,40,3.44,scattered clouds
269,Marzuq,YE,2021-02-01 13:57:18,14.4,46.4667,77.97,18,0,9.01,clear sky
270,Kropotkin,RU,2021-02-01 14:02:44,45.4375,40.5756,49.8,62,99,6.69,overcast clouds
271,Xuanzhou,CN,2021-02-01 13:55:42,30.9525,118.7553,47.21,86,83,5.01,broken clouds
272,Carnarvon,AU,2021-02-01 13:55:35,-24.8667,113.6333,93.2,40,93,14.97,overcast clouds
273,Morondava,MG,2021-02-01 14:02:45,-20.2833,44.2833,85.98,71,0,10.78,clear sky
274,Tumkur,IN,2021-02-01 14:02:45,13.3422,77.1017,77.0,33,20,9.22,few clouds
275,Dillon,US,2021-02-01 14:02:46,34.4166,-79.3712,37.0,100,90,8.05,mist
276,Berezovyy,RU,2021-02-01 14:02:46,51.6667,135.7,-19.77,82,100,1.25,light snow
277,Deblin,PL,2021-02-01 14:02:46,51.5591,21.8483,30.0,51,14,8.19,few clouds
278,Arlit,NE,2021-02-01 14:02:46,18.7369,7.3853,84.65,10,0,6.02,clear sky
279,Russell,US,2021-02-01 14:02:47,32.3502,-85.1999,41.0,65,90,14.97,overcast clouds
280,Salalah,OM,2021-02-01 13:55:23,17.0151,54.0924,77.0,65,0,6.91,clear sky
281,Hunfeld,DE,2021-02-01 14:02:47,50.6797,9.7673,37.99,98,100,1.99,overcast clouds
282,Faanui,PF,2021-02-01 13:55:17,-16.4833,-151.75,80.64,77,100,14.32,overcast clouds
283,Luderitz,NA,2021-02-01 13:55:21,-26.6481,15.1594,74.66,60,0,23.89,clear sky
284,Shingu,JP,2021-02-01 14:00:14,33.7333,135.9833,57.61,81,100,13.33,overcast clouds
285,Mananjary,MG,2021-02-01 14:02:48,-21.2167,48.3333,85.48,70,1,9.4,clear sky
286,Udachnyy,RU,2021-02-01 13:55:20,66.4167,112.4,-40.22,79,100,10.51,overcast clouds
287,Rotterdam,NL,2021-02-01 14:02:48,51.9225,4.4792,37.99,100,90,3.44,mist
288,Amapa,BR,2021-02-01 13:55:23,1.0,-52.0,83.53,68,83,4.81,broken clouds
289,Dvinskoy,RU,2021-02-01 14:02:48,62.1535,45.1175,19.15,96,100,9.69,light snow
290,Dingle,PH,2021-02-01 13:57:20,10.9995,122.6711,74.98,88,8,8.5,clear sky
291,Monrovia,LR,2021-02-01 14:02:49,6.3005,-10.7969,91.4,62,75,7.11,haze
292,Botou,CN,2021-02-01 14:02:49,38.0667,116.5667,28.74,68,95,5.35,overcast clouds
293,Riviere-Au-Renard,CA,2021-02-01 14:02:49,48.9957,-64.3971,23.0,74,75,6.91,broken clouds
294,Provideniya,RU,2021-02-01 13:55:25,64.3833,-173.3,9.9,93,100,30.0,snow
295,Isabela,PH,2021-02-01 13:58:04,6.7085,121.9711,78.6,83,65,3.91,broken clouds
296,Torbay,CA,2021-02-01 13:55:52,47.6666,-52.7314,28.99,80,90,18.41,light snow
297,Vardo,NO,2021-02-01 13:55:52,70.3705,31.1107,24.8,93,90,13.8,snow
298,Jaisinghnagar,IN,2021-02-01 14:01:28,23.7,81.3833,60.93,30,0,3.15,clear sky
299,Nipawin,CA,2021-02-01 14:00:01,53.3668,-104.0009,14.0,92,90,9.22,mist
300,Elizabeth City,US,2021-02-01 14:02:51,36.2946,-76.2511,35.01,99,100,5.99,overcast clouds
301,Lorengau,PG,2021-02-01 13:57:23,-2.0226,147.2712,78.49,85,100,13.29,light rain
302,Trelew,AR,2021-02-01 13:57:06,-43.249,-65.3051,81.79,18,0,11.12,clear sky
303,Port Hedland,AU,2021-02-01 14:02:51,-20.3167,118.5667,78.8,100,75,17.27,heavy intensity rain
304,Leningradskiy,RU,2021-02-01 13:56:20,69.3833,178.4167,-7.76,87,100,23.51,overcast clouds
305,Bijar,IR,2021-02-01 14:02:52,35.8668,47.6051,35.33,82,0,4.76,clear sky
306,Ponta Do Sol,PT,2021-02-01 13:55:23,32.6667,-17.1,62.01,71,0,4.0,clear sky
307,Narita,JP,2021-02-01 14:02:52,35.7833,140.3167,55.99,76,75,9.22,broken clouds
308,Poum,NC,2021-02-01 13:57:12,-20.2333,164.0167,79.43,74,100,22.93,overcast clouds
309,Milkovo,RU,2021-02-01 14:02:53,54.7167,158.6167,-0.67,87,100,5.61,overcast clouds
310,Tobolsk,RU,2021-02-01 14:02:53,58.2,68.2667,8.47,95,85,10.56,overcast clouds
311,Mahebourg,MU,2021-02-01 13:55:03,-20.4081,57.7,84.2,79,75,13.8,light rain
312,Narsaq,GL,2021-02-01 13:52:05,60.9167,-46.05,32.0,55,75,3.91,broken clouds
313,Canutama,BR,2021-02-01 14:02:54,-6.5339,-64.3831,74.95,97,100,1.52,overcast clouds
314,Anton Lizardo,MX,2021-02-01 14:02:54,19.05,-95.9833,75.0,83,40,10.36,scattered clouds
315,Halifax,CA,2021-02-01 13:59:15,44.6453,-63.5724,27.0,86,90,10.36,overcast clouds
316,Talnakh,RU,2021-02-01 13:55:31,69.4865,88.3972,-10.1,88,100,7.87,light snow
317,Kamenka,RU,2021-02-01 14:02:54,51.3223,42.7678,30.99,95,100,12.17,snow
318,Tuatapere,NZ,2021-02-01 13:56:53,-46.1333,167.6833,53.58,91,5,3.18,clear sky
319,Malanje,AO,2021-02-01 14:02:55,-9.5402,16.341,84.2,84,75,11.5,light rain
320,Whitehorse,CA,2021-02-01 14:00:04,60.7161,-135.0538,0.0,78,90,8.05,light snow
321,Katsuura,JP,2021-02-01 13:56:05,35.1333,140.3,60.01,58,75,13.8,broken clouds
322,Honiara,SB,2021-02-01 13:55:49,-9.4333,159.95,80.26,82,99,14.79,moderate rain
323,Quatre Cocos,MU,2021-02-01 14:02:56,-20.2078,57.7625,84.2,79,75,13.8,broken clouds
324,Cuauhtemoc,MX,2021-02-01 14:02:50,28.4167,-106.8667,38.98,65,53,7.23,broken clouds
325,Svetlaya,RU,2021-02-01 14:02:56,46.5389,138.3297,11.73,91,59,5.19,light snow
326,Santo Tomas,PH,2021-02-01 14:02:56,14.1079,121.1414,77.0,78,20,4.61,few clouds
327,Salinopolis,BR,2021-02-01 13:58:21,-0.6136,-47.3561,80.73,85,56,10.13,moderate rain
328,Mukhen,RU,2021-02-01 14:02:57,48.1,136.1,-7.37,90,100,2.93,overcast clouds
329,Stornoway,GB,2021-02-01 14:02:57,58.2093,-6.3865,39.2,60,40,9.22,scattered clouds
330,Oistins,BB,2021-02-01 14:01:05,13.0667,-59.5333,82.4,54,75,24.16,broken clouds
331,Teya,RU,2021-02-01 13:55:05,60.3778,92.6267,-10.3,85,96,2.46,overcast clouds
332,Macau,MO,2021-02-01 14:01:58,22.2006,113.5461,69.8,88,0,3.44,clear sky
333,Maputo,MZ,2021-02-01 13:58:18,-25.9653,32.5892,78.8,89,75,16.11,heavy intensity rain
334,Oktyabrskiy,RU,2021-02-01 13:55:46,54.4815,53.471,19.17,96,100,9.62,overcast clouds
335,Lindi,TZ,2021-02-01 14:02:58,-10.0,39.7167,86.0,62,40,14.97,scattered clouds
336,Mchinji,MW,2021-02-01 14:02:58,-13.7984,32.8802,75.06,78,100,7.49,light rain
337,Bobrovytsya,UA,2021-02-01 13:56:48,50.75,31.3833,28.0,93,75,13.42,light snow
338,Nabisar,PK,2021-02-01 14:02:58,25.0685,69.6419,73.96,25,0,10.18,clear sky
339,Shelburne,CA,2021-02-01 14:02:59,44.0787,-80.2041,3.99,64,1,2.3,clear sky
340,Gazanjyk,TM,2021-02-01 14:02:59,39.2446,55.5154,50.92,69,2,4.76,clear sky
341,Staraya Toropa,RU,2021-02-01 14:02:59,56.2801,31.6702,21.78,96,100,7.72,light snow
342,Bay-Khaak,RU,2021-02-01 14:03:00,51.1667,94.5,-7.89,85,80,2.42,broken clouds
343,Knysna,ZA,2021-02-01 14:03:00,-34.0363,23.0471,68.0,56,40,12.66,scattered clouds
344,Westport,US,2021-02-01 13:55:20,41.1415,-73.3579,27.0,80,90,23.02,snow
345,Illapel,CL,2021-02-01 14:03:00,-31.6308,-71.1653,65.16,68,96,4.5,overcast clouds
346,Julio De Castilhos,BR,2021-02-01 14:03:00,-29.2269,-53.6817,78.8,78,75,2.3,broken clouds
347,Filadelfia,US,2021-02-01 13:57:56,39.9523,-75.1638,30.99,86,90,19.57,light rain
348,Aracati,BR,2021-02-01 13:58:06,-4.5617,-37.7697,89.02,49,99,13.29,overcast clouds
349,Loxstedt,DE,2021-02-01 14:03:01,53.4667,8.65,30.0,86,100,5.01,light snow
350,Lermontovka,RU,2021-02-01 14:03:02,47.1453,134.3383,-6.9,89,100,7.34,overcast clouds
351,Longyan,CN,2021-02-01 14:03:02,25.1072,117.0225,62.01,56,17,1.99,few clouds
352,Zilupe,LV,2021-02-01 14:03:02,56.3862,28.1217,25.09,96,99,8.28,overcast clouds
353,Yashalta,RU,2021-02-01 14:03:03,46.3395,42.2762,49.64,67,100,13.15,overcast clouds
354,Kitangari,TZ,2021-02-01 14:03:04,-10.65,39.3333,79.72,76,35,7.54,scattered clouds
355,Chicama,PE,2021-02-01 13:57:49,-7.8447,-79.1469,68.0,88,2,5.44,clear sky
356,Kloulklubed,PW,2021-02-01 14:03:04,7.0419,134.2556,78.8,89,75,6.91,broken clouds
357,Coos Bay,US,2021-02-01 14:03:04,43.3665,-124.2179,50.0,93,90,6.91,overcast clouds
358,Mount Gambier,AU,2021-02-01 13:55:19,-37.8333,140.7667,53.6,87,40,5.75,scattered clouds
359,Houma,US,2021-02-01 13:59:47,29.5958,-90.7195,45.0,76,0,5.99,clear sky
360,Marienburg,PL,2021-02-01 13:57:19,54.0359,19.0266,30.0,69,0,8.05,clear sky
361,Ishigaki,JP,2021-02-01 14:00:07,24.3448,124.1572,70.18,66,62,4.59,broken clouds
362,Akyab,MM,2021-02-01 14:03:05,20.15,92.9,68.4,62,0,16.08,clear sky
363,Sennan,JP,2021-02-01 14:03:05,34.3582,135.2837,57.2,94,75,26.46,light rain
364,Coihaique,CL,2021-02-01 13:56:57,-45.5752,-72.0662,60.8,55,0,8.05,clear sky
365,Lompoc,US,2021-02-01 13:55:37,34.6391,-120.4579,52.0,87,1,2.86,clear sky
366,Asau,RO,2021-02-01 13:57:35,46.4333,26.4,30.99,65,41,1.01,scattered clouds
367,Cedar City,US,2021-02-01 14:03:06,37.6775,-113.0619,30.2,69,20,2.71,few clouds
368,Saldanha,ZA,2021-02-01 13:50:32,-33.0117,17.9442,84.2,30,0,8.05,clear sky
369,San Patricio,US,2021-02-01 13:55:39,28.017,-97.5169,48.99,57,1,14.97,clear sky
370,Tongchuan,CN,2021-02-01 14:03:06,35.0806,109.0897,34.99,69,0,11.39,clear sky
371,Kutulik,RU,2021-02-01 14:03:07,53.3508,102.7839,-27.35,82,28,3.18,scattered clouds
372,Platon Sanchez,MX,2021-02-01 14:03:07,21.2833,-98.3667,63.1,77,100,4.03,overcast clouds
373,Arraial Do Cabo,BR,2021-02-01 13:51:25,-22.9661,-42.0278,87.8,65,40,10.36,scattered clouds
374,Ternate,ID,2021-02-01 14:03:07,0.8,127.4,81.12,77,100,4.05,overcast clouds
375,Bubaque,GW,2021-02-01 13:55:21,11.2833,-15.8333,76.98,69,1,3.02,clear sky
376,Iralaya,HN,2021-02-01 13:57:49,15.0,-83.2333,78.8,79,40,8.28,scattered clouds
377,Mola Di Bari,IT,2021-02-01 14:03:08,41.0609,17.0873,54.0,76,40,2.3,scattered clouds
378,Shimoda,JP,2021-02-01 13:55:04,34.6667,138.95,51.01,82,98,1.01,light rain
379,Aykhal,RU,2021-02-01 13:55:47,66.0,111.5,-42.2,78,100,9.91,overcast clouds
380,Antalaha,MG,2021-02-01 13:57:19,-14.9003,50.2788,83.35,77,90,9.44,light rain
381,Paamiut,GL,2021-02-01 13:57:25,61.994,-49.6678,18.18,92,27,13.96,scattered clouds
382,Magdagachi,RU,2021-02-01 14:03:09,53.45,125.8,-34.22,79,96,5.99,overcast clouds
383,Henties Bay,NA,2021-02-01 13:55:44,-22.116,14.2845,72.0,74,0,5.01,clear sky
384,Cardston,CA,2021-02-01 14:00:01,49.2,-113.3019,42.8,49,37,5.75,scattered clouds
385,Ladybrand,ZA,2021-02-01 14:03:10,-29.1945,27.4574,82.49,17,95,9.57,overcast clouds
386,Vostok,RU,2021-02-01 13:55:45,46.4856,135.8833,-10.61,91,100,3.91,overcast clouds
387,Baicheng,CN,2021-02-01 14:03:10,45.6167,122.8167,-8.32,81,59,7.67,broken clouds
388,Acarau,BR,2021-02-01 14:00:02,-2.8856,-40.12,87.8,59,74,17.2,broken clouds
389,Abaza,RU,2021-02-01 14:03:10,52.655,90.0928,3.06,88,100,1.1,overcast clouds
390,Chumikan,RU,2021-02-01 14:03:10,54.7183,135.315,-26.66,77,0,15.17,clear sky
391,Kurumkan,RU,2021-02-01 13:56:49,54.3,110.3,-24.63,70,68,2.08,broken clouds
392,Tungor,RU,2021-02-01 14:03:11,53.3808,142.9564,-27.08,85,0,7.74,clear sky
393,Kajaani,FI,2021-02-01 14:03:11,64.2273,27.7285,8.6,100,68,1.14,light snow
394,Nenjiang,CN,2021-02-01 14:03:11,49.1833,125.2167,-22.59,85,65,4.23,broken clouds
395,Cockburn Town,TC,2021-02-01 13:55:47,21.4612,-71.1419,76.32,81,100,20.29,overcast clouds
396,Dondo,MZ,2021-02-01 14:03:12,-19.6094,34.7431,89.6,70,20,14.97,few clouds
397,Yatou,CN,2021-02-01 14:03:12,37.15,122.3833,26.08,82,0,20.98,clear sky
398,Sadovoye,RU,2021-02-01 14:03:12,47.7764,44.5089,43.16,86,72,10.0,light rain
399,Fairbanks,US,2021-02-01 14:03:12,64.8378,-147.7164,-14.8,75,1,4.7,clear sky
400,San Jose,US,2021-02-01 14:03:12,37.3394,-121.895,51.01,81,75,6.91,broken clouds
401,Iqaluit,CA,2021-02-01 13:54:13,63.7506,-68.5145,-9.4,70,40,16.11,snow
402,Mindelo,CV,2021-02-01 14:01:51,16.8901,-24.9804,77.0,61,20,31.07,few clouds
403,Mitsamiouli,KM,2021-02-01 13:55:35,-11.3847,43.2844,84.36,65,100,3.58,overcast clouds
404,Mpika,ZM,2021-02-01 14:03:13,-11.8343,31.4529,67.64,91,100,6.87,light rain
405,Genhe,CN,2021-02-01 14:03:14,50.7833,121.5167,-30.46,82,15,3.78,few clouds
406,Naze,JP,2021-02-01 13:55:24,28.3667,129.4833,63.05,73,71,10.09,broken clouds
407,Lichtenburg,ZA,2021-02-01 14:03:14,-26.152,26.1597,75.13,58,88,5.41,light rain
408,Egvekinot,RU,2021-02-01 14:03:14,66.3167,-179.1667,-6.05,94,100,20.54,snow
409,Chagoda,RU,2021-02-01 14:03:15,59.164,35.3285,23.56,97,100,7.27,overcast clouds
410,Vestmanna,FO,2021-02-01 13:57:11,62.1564,-7.1664,33.8,64,72,11.5,broken clouds
411,San Policarpo,PH,2021-02-01 14:03:15,12.1791,125.5072,80.19,84,100,16.04,overcast clouds
412,Tura,IN,2021-02-01 13:57:02,25.5198,90.2201,58.33,50,0,2.66,clear sky
413,Verkhnevilyuysk,RU,2021-02-01 14:03:15,63.4453,120.3167,-40.77,80,99,4.76,overcast clouds
414,Pochutla,MX,2021-02-01 14:03:16,15.7432,-96.4661,73.4,68,1,2.64,clear sky
415,Henderson,US,2021-02-01 14:03:16,36.0397,-114.9819,50.0,43,1,6.91,clear sky
416,Noumea,NC,2021-02-01 14:03:16,-22.2763,166.4572,73.4,73,0,2.3,clear sky
417,Gazli,UZ,2021-02-01 14:03:17,40.1333,63.45,50.38,48,96,12.82,overcast clouds
418,Sitka,US,2021-02-01 13:52:54,57.0531,-135.33,33.8,69,20,3.44,few clouds
419,Seoul,KR,2021-02-01 13:54:13,37.5683,126.9778,37.4,55,0,8.05,clear sky
420,Meridian,US,2021-02-01 13:59:04,43.6121,-116.3915,39.99,64,20,8.05,few clouds
421,Sisophon,KH,2021-02-01 14:03:18,13.5859,102.9737,81.1,43,86,1.77,overcast clouds
422,Caibarien,CU,2021-02-01 14:03:18,22.5206,-79.4669,73.4,78,20,5.75,few clouds
423,Jumla,NP,2021-02-01 13:55:13,29.2747,82.1838,35.26,70,0,2.51,clear sky
424,Belaya Gora,RU,2021-02-01 13:57:22,68.5333,146.4167,-22.41,87,100,11.9,overcast clouds
425,Ngong,KE,2021-02-01 14:03:18,-1.3618,36.6566,82.4,22,75,10.36,broken clouds
426,Saint-Georges,GD,2021-02-01 14:03:18,12.0564,-61.7485,78.8,78,75,17.27,broken clouds
427,Bagdarin,RU,2021-02-01 14:03:19,54.4333,113.6,-26.01,77,0,4.56,clear sky
428,Lima Duarte,BR,2021-02-01 14:03:19,-21.8425,-43.7931,77.0,53,0,4.61,clear sky
429,Chanute,US,2021-02-01 14:03:19,37.6792,-95.4572,30.2,86,90,6.91,overcast clouds
430,Ust-Ilimsk,RU,2021-02-01 14:00:18,58.0006,102.6619,-32.31,81,14,2.39,few clouds
431,Sinnamary,GF,2021-02-01 13:57:08,5.3833,-52.95,78.84,80,100,15.5,overcast clouds
432,Antofagasta,CL,2021-02-01 14:03:20,-23.65,-70.4,73.0,68,20,10.36,few clouds
433,Ambon,ID,2021-02-01 13:56:19,-3.6954,128.1814,80.6,74,40,4.61,scattered clouds
434,Road Town,VG,2021-02-01 13:57:44,18.4167,-64.6167,80.6,74,40,11.5,scattered clouds
435,Bonavista,CA,2021-02-01 14:03:20,48.6499,-53.1147,28.99,93,100,6.91,overcast clouds
436,Oranjemund,NA,2021-02-01 13:55:07,-28.55,16.4333,71.04,66,4,21.61,clear sky
437,Kachiry,KZ,2021-02-01 14:03:20,53.0675,76.1036,4.93,93,98,4.43,overcast clouds
438,Geraldton,AU,2021-02-01 13:56:09,-28.7667,114.6,82.4,57,40,5.75,scattered clouds
439,Eyl,SO,2021-02-01 13:59:12,7.9803,49.8164,76.96,59,61,23.04,broken clouds
440,Jinka,ET,2021-02-01 14:03:21,5.65,36.65,87.3,17,99,1.28,overcast clouds
441,Glinka,RU,2021-02-01 14:03:21,54.6404,32.8781,19.22,98,96,7.2,overcast clouds
442,Daru,PG,2021-02-01 13:55:38,-9.0763,143.2092,76.86,92,76,14.36,heavy intensity rain
443,Muskogee,US,2021-02-01 14:03:22,35.5834,-95.3336,33.01,80,90,8.05,overcast clouds
444,Ginir,ET,2021-02-01 14:03:22,7.1333,40.7,76.37,17,4,11.72,clear sky
445,Kaitangata,NZ,2021-02-01 13:55:04,-46.2817,169.8464,51.58,89,0,4.61,clear sky
446,Klaeng,TH,2021-02-01 14:03:22,12.7797,101.6483,79.0,74,37,4.05,scattered clouds
447,Sao Filipe,CV,2021-02-01 13:55:05,14.8961,-24.4956,77.56,56,0,11.7,clear sky
448,Suluq,LY,2021-02-01 14:03:22,31.6682,20.2521,63.66,57,0,14.74,clear sky
449,Moindou,NC,2021-02-01 14:03:23,-21.6924,165.677,73.4,73,0,2.3,clear sky
450,Las Cruces,US,2021-02-01 13:59:31,32.3123,-106.7783,41.0,64,1,6.13,clear sky
451,Ostrovnoy,RU,2021-02-01 13:56:24,68.0531,39.5131,20.68,96,100,13.2,light snow
452,Umm Lajj,SA,2021-02-01 13:55:59,25.0213,37.2685,78.22,48,0,11.97,clear sky
453,Urengoy,RU,2021-02-01 14:03:24,65.9667,78.3667,-5.98,90,99,13.82,overcast clouds
454,Flin Flon,CA,2021-02-01 14:03:24,54.7682,-101.865,-2.2,84,75,5.66,mist
455,Sokoto,NG,2021-02-01 14:03:24,13.0609,5.239,92.73,10,0,7.27,clear sky
456,Saint-Joseph,RE,2021-02-01 13:55:51,-21.3667,55.6167,86.0,66,0,27.63,clear sky
457,Synya,RU,2021-02-01 14:03:25,65.3718,58.0387,17.02,92,25,14.5,scattered clouds
458,Balkhash,KZ,2021-02-01 13:57:01,46.844,74.9804,21.42,97,98,2.37,light snow
459,La Ronge,CA,2021-02-01 14:03:09,55.1001,-105.2842,14.0,92,76,9.22,broken clouds
460,Amudat,UG,2021-02-01 14:03:25,1.95,34.95,88.54,14,98,20.11,overcast clouds
461,Priiskovyy,RU,2021-02-01 14:03:25,51.9333,116.6333,-26.99,81,13,2.95,few clouds
462,Manta,EC,2021-02-01 14:00:16,-0.95,-80.7333,77.0,83,75,3.44,broken clouds
463,Ayan,RU,2021-02-01 13:57:17,56.45,138.1667,-28.41,69,42,15.5,scattered clouds
464,Siculeni,RO,2021-02-01 14:03:26,46.4167,25.75,39.0,91,100,1.01,overcast clouds
465,Norman Wells,CA,2021-02-01 13:55:27,65.282,-126.8329,-20.2,76,75,8.05,light snow
466,Funchal,PT,2021-02-01 14:03:26,32.6333,-16.9,64.4,72,75,3.44,broken clouds
467,Kailua,US,2021-02-01 14:01:26,21.4022,-157.7394,73.4,73,75,6.91,broken clouds
468,Hualmay,PE,2021-02-01 13:55:59,-11.0964,-77.6139,72.25,72,76,6.44,broken clouds
469,Kaeo,NZ,2021-02-01 14:03:27,-35.1,173.7833,59.0,89,8,3.0,clear sky
470,Saryozek,KZ,2021-02-01 14:03:27,44.3583,77.9753,31.23,87,100,5.5,overcast clouds
471,Santa Fe,AR,2021-02-01 14:03:27,-31.6333,-60.7,73.99,77,99,3.0,overcast clouds
472,Aitape,PG,2021-02-01 14:03:27,-3.1374,142.3475,77.14,91,100,16.42,overcast clouds
473,Te Anau,NZ,2021-02-01 13:55:29,-45.4167,167.7167,52.99,89,14,1.45,few clouds
474,San Quintin,MX,2021-02-01 13:57:09,30.4833,-115.95,57.97,67,100,5.55,overcast clouds
475,Kaoma,ZM,2021-02-01 14:03:28,-14.7833,24.8,76.64,78,100,4.74,light rain
476,Iquitos,PE,2021-02-01 14:03:28,-3.7481,-73.2472,75.2,94,90,4.61,light intensity drizzle
477,Pangody,RU,2021-02-01 14:03:29,65.85,74.4859,5.25,94,100,17.43,overcast clouds
478,Mineiros,BR,2021-02-01 14:03:29,-17.5694,-52.5511,81.19,68,92,3.6,overcast clouds
479,Port Augusta,AU,2021-02-01 13:56:35,-32.5,137.7667,64.4,68,40,18.41,scattered clouds
480,Maniitsoq,GL,2021-02-01 14:03:30,65.4167,-52.9,15.42,93,100,11.34,light snow
481,Bandarbeyla,SO,2021-02-01 13:57:01,9.4942,50.8122,75.15,67,42,21.83,scattered clouds
482,Kahului,US,2021-02-01 13:51:26,20.8947,-156.47,69.8,78,1,5.75,clear sky
483,Mirabad,AF,2021-02-01 14:03:30,30.4362,61.8383,65.91,23,0,12.15,clear sky
484,Pahalgam,IN,2021-02-01 14:03:31,34.0333,75.3333,24.84,85,17,7.23,few clouds
485,Klaksvik,FO,2021-02-01 13:55:13,62.2266,-6.589,33.8,64,99,11.5,overcast clouds
486,Huambo,AO,2021-02-01 14:03:31,-12.7761,15.7392,78.8,44,75,5.75,broken clouds
487,Andros,GR,2021-02-01 14:03:31,37.8333,24.9333,59.0,71,100,5.99,overcast clouds
488,Sotteville-Les-Rouen,FR,2021-02-01 14:03:31,49.4097,1.0901,46.0,87,90,9.22,overcast clouds
489,Kochevo,RU,2021-02-01 14:03:32,59.5994,54.3125,19.62,95,100,10.45,overcast clouds
490,Labuhan,ID,2021-02-01 13:55:20,-6.8844,112.2051,79.74,86,100,11.81,overcast clouds
491,Colon,PA,2021-02-01 14:03:32,9.3592,-79.9014,72.0,88,51,3.0,broken clouds
492,Dubbo,AU,2021-02-01 13:52:56,-32.25,148.6167,60.8,94,75,12.66,light rain
493,Roald,NO,2021-02-01 14:03:32,62.5833,6.1333,32.0,74,75,12.66,light snow
494,Upata,VE,2021-02-01 14:03:33,8.0086,-62.3989,81.0,74,58,4.0,broken clouds
495,Porto Santo,PT,2021-02-01 14:01:44,33.072,-16.3415,64.4,72,75,6.91,broken clouds
496,Kailaras,IN,2021-02-01 14:03:33,26.3167,77.6167,64.06,28,0,3.13,clear sky
497,Tilichiki,RU,2021-02-01 13:57:14,60.4667,166.1,5.63,95,99,9.84,overcast clouds
498,Setubal,PT,2021-02-01 14:03:33,38.5244,-8.8882,60.8,82,90,8.05,overcast clouds
499,Cherskiy,RU,2021-02-01 13:55:10,68.75,161.3,7.03,94,100,9.44,snow
500,Namibe,AO,2021-02-01 13:57:10,-15.1961,12.1522,78.37,64,20,14.56,few clouds
501,Kirksville,US,2021-02-01 14:00:36,40.1948,-92.5833,26.6,80,90,14.97,overcast clouds
502,Ialibu,PG,2021-02-01 14:03:34,-6.2821,143.9935,57.67,98,100,1.12,overcast clouds
503,Kokkola,FI,2021-02-01 14:03:34,63.8385,23.1307,19.0,93,20,3.44,light snow
504,Praia Da Vitoria,PT,2021-02-01 14:03:35,38.7333,-27.0667,66.2,68,20,18.34,few clouds
505,Yanam,IN,2021-02-01 14:03:35,16.7333,82.2167,78.8,78,40,5.75,mist
506,Pakenham,AU,2021-02-01 14:03:35,-38.0667,145.4833,57.99,81,55,3.06,broken clouds
507,Puerto Escondido,MX,2021-02-01 13:53:23,15.85,-97.0667,69.8,100,1,6.91,clear sky
508,Sistranda,NO,2021-02-01 14:03:35,63.7256,8.834,30.2,74,40,11.5,scattered clouds
509,Pudozh,RU,2021-02-01 14:03:35,61.8099,36.5345,14.11,97,98,3.29,light snow
510,San Francisco,US,2021-02-01 13:59:47,37.7749,-122.4194,53.01,76,20,3.44,few clouds
511,Bilma,NE,2021-02-01 13:56:54,18.6853,12.9164,83.08,11,0,8.25,clear sky
512,Bandar-E Lengeh,IR,2021-02-01 14:03:36,26.5579,54.8807,73.4,53,0,13.8,clear sky
513,Ruteng,ID,2021-02-01 13:57:44,-8.6136,120.4721,63.75,100,100,2.28,overcast clouds
514,Jacmel,HT,2021-02-01 14:03:36,18.2342,-72.5347,82.4,57,20,18.41,few clouds
515,Shitanjing,CN,2021-02-01 13:56:21,39.2342,106.3439,15.73,66,0,2.1,clear sky
516,Boende,CD,2021-02-01 14:03:37,-0.2167,20.8667,92.57,44,57,1.83,broken clouds
517,Mayo,US,2021-02-01 14:03:37,38.8876,-76.5119,33.01,94,90,21.88,light snow
518,Benton Harbor,US,2021-02-01 14:00:23,42.1167,-86.4542,27.0,74,75,4.61,broken clouds
519,Sanary-Sur-Mer,FR,2021-02-01 14:03:37,43.1178,5.8001,60.01,79,36,8.99,scattered clouds
520,Urumqi,CN,2021-02-01 14:01:49,43.801,87.6005,12.2,73,100,2.24,mist
521,Laguna,US,2021-02-01 13:55:38,38.421,-121.4238,50.0,87,40,2.55,scattered clouds
522,Guarapari,BR,2021-02-01 14:03:38,-20.6667,-40.4975,89.6,51,20,12.66,few clouds
523,Inhambane,MZ,2021-02-01 14:03:38,-23.865,35.3833,91.4,58,20,16.11,few clouds
524,Bambanglipuro,ID,2021-02-01 14:03:38,-7.95,110.2833,78.58,84,100,7.36,heavy intensity rain
525,Nueva Concepcion,GT,2021-02-01 14:03:38,14.2,-91.3,71.6,73,0,1.1,clear sky
526,The Valley,AI,2021-02-01 13:59:36,18.217,-63.0578,82.4,74,40,17.27,scattered clouds
527,Mizdah,LY,2021-02-01 14:03:39,31.4451,12.9801,61.63,31,42,18.07,scattered clouds
528,Odweyne,SO,2021-02-01 14:03:39,9.4092,45.064,77.72,25,23,16.78,few clouds
529,Majene,ID,2021-02-01 14:03:39,-3.5403,118.9707,79.77,79,100,7.83,light rain
530,Waiouru,NZ,2021-02-01 14:03:39,-39.4833,175.6667,45.77,76,0,3.06,clear sky
531,Farah,AF,2021-02-01 14:03:39,32.5,62.5,58.95,29,87,8.84,overcast clouds
532,Pisco,PE,2021-02-01 14:03:40,-13.7,-76.2167,77.0,65,0,4.61,clear sky
533,Meulaboh,ID,2021-02-01 13:55:43,4.1363,96.1285,79.86,79,87,2.26,overcast clouds
534,Hami,CN,2021-02-01 13:55:40,42.8,93.45,27.25,78,0,5.28,clear sky
535,Tutoia,BR,2021-02-01 13:55:57,-2.7619,-42.2744,87.8,62,40,16.11,light rain
536,Coihueco,CL,2021-02-01 14:03:40,-36.6167,-71.8333,60.8,88,40,8.05,scattered clouds
537,Korla,CN,2021-02-01 13:55:55,41.7597,86.1469,25.61,82,0,2.84,clear sky
538,Samfya,ZM,2021-02-01 14:03:41,-11.3649,29.5565,70.18,87,100,5.21,light rain
539,Khilok,RU,2021-02-01 14:03:41,51.3674,110.4676,-18.76,83,32,5.32,scattered clouds
540,Grand Gaube,MU,2021-02-01 13:57:15,-20.0064,57.6608,82.99,78,4,8.01,clear sky
541,La Roche-Sur-Yon,FR,2021-02-01 14:03:42,46.6667,-1.4333,53.01,93,90,24.16,mist
542,Tupancireta,BR,2021-02-01 14:03:42,-29.0806,-53.8358,77.07,71,0,5.39,clear sky
543,Hobyo,SO,2021-02-01 14:03:42,5.3505,48.5268,78.24,65,64,20.85,broken clouds
544,Warrington,GB,2021-02-01 14:03:19,53.3925,-2.5802,43.0,65,84,5.75,broken clouds
545,Uchiza,PE,2021-02-01 14:00:09,-8.4592,-76.4633,77.59,69,96,1.72,overcast clouds
546,Camana,PE,2021-02-01 14:03:43,-16.6228,-72.7111,72.59,66,55,6.31,broken clouds
547,Lincoln,US,2021-02-01 14:01:39,40.8,-96.667,26.6,80,90,8.05,mist
548,Palana,RU,2021-02-01 14:03:44,59.1167,159.9667,-9.24,95,100,10.74,light snow
549,Richards Bay,ZA,2021-02-01 14:03:44,-28.783,32.0377,74.62,84,100,21.97,light rain
550,Amga,RU,2021-02-01 14:03:44,60.8953,131.9608,-44.14,77,100,3.18,overcast clouds
551,Beringovskiy,RU,2021-02-01 13:55:40,63.05,179.3167,20.95,97,100,35.5,snow
552,Wilmington,US,2021-02-01 13:55:24,34.2257,-77.9447,39.2,93,90,10.36,mist
553,Muros,ES,2021-02-01 13:56:38,42.7762,-9.0603,57.99,90,100,15.75,overcast clouds
554,Jiuquan,CN,2021-02-01 14:03:45,39.7432,98.5174,19.17,82,0,3.53,clear sky
555,Brandenburg,DE,2021-02-01 14:03:45,52.4167,12.55,33.01,58,98,5.01,overcast clouds
556,Almaznyy,RU,2021-02-01 14:03:45,48.0448,40.045,51.8,71,0,13.42,clear sky
557,Lagos,NG,2021-02-01 14:01:50,6.5833,3.75,91.83,49,0,10.25,clear sky
558,Payson,US,2021-02-01 14:03:16,40.0444,-111.7321,32.0,80,40,3.44,scattered clouds
559,Kalininsk,RU,2021-02-01 14:03:46,51.5,44.4758,27.59,98,100,8.41,snow
560,Coylton,GB,2021-02-01 14:03:46,55.4453,-4.5195,39.0,81,20,11.5,few clouds
561,Wawa,NG,2021-02-01 14:03:46,9.9022,4.4192,95.2,10,6,5.46,clear sky
562,Teeli,RU,2021-02-01 14:03:46,51.0333,90.2333,-3.3,87,100,1.12,overcast clouds
563,Merauke,ID,2021-02-01 13:57:33,-8.4667,140.3333,78.4,88,100,13.69,overcast clouds
564,Vila Franca Do Campo,PT,2021-02-01 13:55:53,37.7167,-25.4333,62.01,94,75,13.8,broken clouds
565,Sabha,LY,2021-02-01 14:03:47,27.0377,14.4283,67.68,24,0,15.95,clear sky
566,Thinadhoo,MV,2021-02-01 14:03:47,0.5333,72.9333,83.34,72,0,10.51,clear sky
567,Kassala,SD,2021-02-01 14:03:47,15.451,36.4,96.84,17,0,11.72,clear sky
568,Port Hueneme,US,2021-02-01 14:03:48,34.1478,-119.1951,59.0,67,90,6.91,overcast clouds
569,Blenheim,NZ,2021-02-01 14:03:48,-41.516,173.9528,55.0,92,92,4.47,overcast clouds
570,Walvis Bay,NA,2021-02-01 13:57:03,-22.9575,14.5053,72.0,64,0,11.5,clear sky
571,Palora,EC,2021-02-01 14:03:49,-1.7,-77.9333,69.8,94,90,3.44,light rain
572,Natchitoches,US,2021-02-01 14:01:05,31.7668,-93.1335,35.6,93,1,6.91,clear sky
573,Riohacha,CO,2021-02-01 14:00:11,11.5444,-72.9072,82.0,66,75,15.93,broken clouds
574,Atbasar,KZ,2021-02-01 14:03:49,51.8,68.3333,9.54,88,0,4.16,clear sky
575,Ridgecrest,US,2021-02-01 14:02:48,35.6225,-117.6709,46.0,61,90,0.22,overcast clouds
576,Mana,GF,2021-02-01 14:03:50,5.6592,-53.7767,78.26,81,100,13.06,overcast clouds
577,Byron Bay,AU,2021-02-01 14:03:50,-28.65,153.6167,71.6,94,90,4.61,overcast clouds
578,Narathiwat,TH,2021-02-01 14:03:50,6.3333,101.75,78.8,83,40,8.05,scattered clouds
579,Batalha,BR,2021-02-01 14:03:50,-9.6778,-37.1247,93.78,36,34,11.45,scattered clouds
580,Tazmalt,DZ,2021-02-01 14:03:51,36.3868,4.3989,61.56,53,33,22.86,scattered clouds
581,Montepuez,MZ,2021-02-01 14:03:51,-13.1256,38.9997,81.57,77,28,4.99,light rain
582,Yerbogachen,RU,2021-02-01 13:57:45,61.2767,108.0108,-35.88,81,0,5.26,clear sky
583,Rognan,NO,2021-02-01 14:03:51,67.0953,15.3878,19.99,80,95,4.68,overcast clouds
584,Jacareacanga,BR,2021-02-01 14:03:51,-6.2222,-57.7528,77.0,100,75,2.3,broken clouds
585,Asuncion,PY,2021-02-01 14:03:51,-25.3007,-57.6359,77.0,88,90,4.61,mist
586,Yuncheng,CN,2021-02-01 14:03:52,35.0231,110.9928,39.2,58,0,5.75,clear sky
587,Nemuro,JP,2021-02-01 14:03:52,43.3236,145.575,37.18,89,51,23.13,broken clouds
588,Mayumba,GA,2021-02-01 13:56:01,-3.432,10.6554,84.51,67,7,8.41,clear sky
589,Palkino,RU,2021-02-01 14:03:52,57.5409,28.0126,28.4,86,75,8.95,snow
590,Atar,MR,2021-02-01 13:57:15,20.5169,-13.0499,89.53,11,4,11.72,clear sky
591,Carbonia,IT,2021-02-01 14:03:53,39.1672,8.5222,62.01,63,20,20.71,few clouds
592,Zyryanka,RU,2021-02-01 14:03:53,65.75,150.85,-24.61,85,100,23.47,light snow
593,Qinggang,CN,2021-02-01 14:03:53,46.6833,126.0833,-22.38,84,6,6.87,clear sky
594,Sola,VU,2021-02-01 13:56:20,-13.8833,167.55,81.84,79,100,15.79,overcast clouds
595,Trincomalee,LK,2021-02-01 13:57:07,8.5711,81.2335,80.08,79,1,17.4,clear sky
596,Luwuk,ID,2021-02-01 14:03:54,-0.9516,122.7875,78.31,77,98,3.89,overcast clouds
597,Terra Santa,BR,2021-02-01 14:03:54,-2.1042,-56.4869,87.15,57,27,6.38,scattered clouds
598,Fare,PF,2021-02-01 14:03:54,-16.7,-151.0167,80.76,75,11,14.45,few clouds
599,Gamba,GA,2021-02-01 14:03:54,-2.65,10.0,83.97,69,27,8.81,scattered clouds
600,Tanete,ID,2021-02-01 13:57:16,-3.9443,119.7848,78.6,83,100,4.76,overcast clouds
601,Newport,GB,2021-02-01 14:03:55,51.5877,-2.9984,41.0,97,41,4.07,scattered clouds
602,Andenes,NO,2021-02-01 14:03:55,69.3143,16.1194,33.8,69,75,31.07,light snow
603,Sao Raimundo Nonato,BR,2021-02-01 14:03:55,-9.0153,-42.6994,86.94,54,69,8.14,broken clouds
604,Hambantota,LK,2021-02-01 13:56:33,6.1241,81.1185,80.6,89,20,9.22,few clouds
605,Hachinohe,JP,2021-02-01 14:03:55,40.5,141.5,44.01,62,100,21.0,overcast clouds
606,Teyateyaneng,LS,2021-02-01 14:03:55,-29.1472,27.7489,80.47,22,100,8.59,overcast clouds
607,Trapani,IT,2021-02-01 14:03:56,37.8333,12.6667,64.0,94,75,11.5,broken clouds
608,Sioux Lookout,CA,2021-02-01 13:56:18,50.1001,-91.917,19.4,93,90,5.75,light snow
609,Aubenas,FR,2021-02-01 14:03:56,44.6201,4.3899,55.99,88,100,3.29,overcast clouds
610,Aktau,KZ,2021-02-01 14:03:56,43.65,51.2,44.6,70,0,8.95,clear sky
611,Karratha,AU,2021-02-01 13:55:32,-20.7377,116.8463,76.73,92,100,22.32,light rain
612,Turgoyak,RU,2021-02-01 14:03:57,55.15,60.1183,26.67,96,100,4.38,overcast clouds
613,Mandalgovi,MN,2021-02-01 14:03:57,45.7625,106.2708,-1.37,80,0,14.65,clear sky
614,Stende,LV,2021-02-01 14:03:57,57.15,22.5333,33.8,75,0,6.91,clear sky
615,Mandawar,IN,2021-02-01 14:03:57,29.5,78.1333,59.76,36,0,5.64,clear sky
616,Ranong,TH,2021-02-01 14:03:57,9.9658,98.6348,82.4,69,20,3.44,few clouds
617,Rosarito,MX,2021-02-01 14:03:58,32.3333,-117.0333,57.2,54,75,1.72,broken clouds
618,Zhangjiakou,CN,2021-02-01 14:03:58,40.81,114.8794,6.4,63,0,12.46,clear sky
619,Ewa Beach,US,2021-02-01 14:03:58,21.3156,-158.0072,69.8,83,1,3.44,clear sky
620,Bosaso,SO,2021-02-01 13:56:03,11.2842,49.1816,75.18,62,18,13.73,few clouds
621,Caravelas,BR,2021-02-01 13:55:03,-17.7125,-39.2481,85.21,56,100,8.3,overcast clouds
622,Broome,US,2021-02-01 13:55:43,42.2506,-75.833,21.0,86,90,12.66,light snow
623,Craig,US,2021-02-01 14:03:59,40.5153,-107.5464,14.0,85,1,3.44,clear sky
624,Sembe,CG,2021-02-01 14:03:59,1.6481,14.5806,84.92,63,98,3.83,light rain
625,Comodoro Rivadavia,AR,2021-02-01 13:54:56,-45.8667,-67.5,78.8,27,0,12.66,clear sky
626,Santa Cruz De Tenerife,ES,2021-02-01 14:03:59,28.4682,-16.2546,66.2,59,0,10.36,clear sky
627,Tres Arroyos,AR,2021-02-01 13:59:44,-38.3739,-60.2798,63.75,57,100,6.64,light rain
628,Kostomuksha,RU,2021-02-01 14:04:00,64.571,30.5767,10.94,96,100,3.62,light snow
629,Lipovtsy,RU,2021-02-01 14:04:00,44.2014,131.7244,-6.63,86,51,6.35,broken clouds
630,Kapit,MY,2021-02-01 14:04:00,2.0167,112.9333,74.08,94,100,0.43,moderate rain
631,Maues,BR,2021-02-01 14:04:01,-3.3836,-57.7186,84.67,66,63,4.47,broken clouds
632,Dawlatabad,AF,2021-02-01 14:04:01,36.4141,64.9053,54.05,50,100,2.04,overcast clouds
633,Chivay,PE,2021-02-01 14:04:01,-15.6383,-71.6011,53.62,49,55,4.79,broken clouds
634,Esna,EG,2021-02-01 14:04:02,25.2934,32.554,80.6,21,0,4.61,clear sky
635,South River,US,2021-02-01 14:04:02,40.4465,-74.386,28.99,94,100,5.01,heavy snow
636,Iguape,BR,2021-02-01 14:04:03,-24.7081,-47.5553,75.79,89,100,4.05,overcast clouds
637,Donji Milanovac,RS,2021-02-01 14:04:03,44.4627,22.1523,36.0,7,51,3.91,broken clouds
638,Murray Bridge,AU,2021-02-01 14:04:03,-35.1167,139.2667,57.0,83,0,13.69,clear sky
639,Omboue,GA,2021-02-01 13:55:25,-1.5746,9.2618,84.38,67,100,8.66,overcast clouds
640,Barmer,IN,2021-02-01 14:04:04,25.75,71.3833,69.93,23,0,6.2,clear sky
641,Iberia,US,2021-02-01 13:56:24,29.9502,-91.7507,44.01,75,1,9.22,clear sky
642,Vila,PT,2021-02-01 13:55:47,42.0304,-8.1588,53.01,94,92,9.64,overcast clouds
643,Yumen,CN,2021-02-01 13:57:21,40.2833,97.2,22.59,71,0,3.2,clear sky
644,Athmallik,IN,2021-02-01 14:04:04,20.7219,84.5348,62.96,27,0,2.13,clear sky
645,Quthing,LS,2021-02-01 14:04:04,-30.4,27.7003,81.07,19,0,11.03,clear sky
646,Tefe,BR,2021-02-01 13:57:18,-3.3542,-64.7114,75.2,100,90,5.75,light rain
647,Srednekolymsk,RU,2021-02-01 14:04:05,67.45,153.6833,-16.2,88,100,11.39,light snow
648,Broken Hill,AU,2021-02-01 14:04:05,-31.95,141.4333,73.4,40,0,16.11,clear sky
649,Rundu,NA,2021-02-01 13:55:26,-17.9333,19.7667,78.17,68,79,12.41,light rain
650,Tallahassee,US,2021-02-01 14:04:05,30.4383,-84.2807,46.4,66,90,17.27,overcast clouds
651,Solnechnyy,RU,2021-02-01 13:55:52,50.7214,136.6319,-14.58,81,100,4.09,light snow
652,San Juan,AR,2021-02-01 14:04:06,-31.5375,-68.5364,60.39,54,91,10.58,overcast clouds
653,Huaral,PE,2021-02-01 14:04:06,-11.495,-77.2078,69.8,78,0,6.91,clear sky
654,Benghazi,LY,2021-02-01 14:04:06,32.1167,20.0667,63.27,63,0,13.76,clear sky
655,Oktyabrskoye,RU,2021-02-01 14:04:07,43.0645,44.7417,46.4,66,51,6.71,broken clouds
656,North Salt Lake,US,2021-02-01 14:04:07,40.8486,-111.9069,30.99,86,75,3.44,broken clouds
657,Wanning,CN,2021-02-01 13:55:54,18.8003,110.3967,67.51,91,10,5.23,clear sky
658,Hokitika,NZ,2021-02-01 13:55:50,-42.7167,170.9667,56.53,90,42,3.18,scattered clouds
659,Birjand,IR,2021-02-01 14:04:08,32.8663,59.2211,57.2,11,20,11.5,few clouds
660,Luba,GQ,2021-02-01 14:04:08,3.4568,8.5547,89.6,55,20,5.75,few clouds
661,Eydhafushi,MV,2021-02-01 14:04:08,5.1033,73.0708,80.67,79,100,12.68,overcast clouds
662,Aksu,CN,2021-02-01 13:57:55,41.1231,80.2644,30.02,74,100,3.27,overcast clouds
663,Flinders,AU,2021-02-01 14:04:08,-34.5833,150.8552,69.01,89,100,4.0,moderate rain
664,Cayenne,GF,2021-02-01 13:55:52,4.9333,-52.3333,80.6,83,90,6.91,overcast clouds
665,Awjilah,LY,2021-02-01 14:04:09,29.1081,21.2869,73.51,36,99,9.17,overcast clouds
666,Golubitskaya,RU,2021-02-01 14:04:09,45.3222,37.2822,57.2,44,0,29.08,clear sky
667,Harper,LR,2021-02-01 14:04:09,4.375,-7.7169,82.83,77,42,8.28,light rain
668,Yar-Sale,RU,2021-02-01 13:56:26,66.8333,70.8333,7.93,95,100,18.48,overcast clouds
669,Manggar,ID,2021-02-01 14:04:10,-2.8833,108.2667,80.11,82,100,10.94,overcast clouds
670,Saint Andrews,US,2021-02-01 14:04:10,34.0454,-81.1293,42.01,93,90,3.44,mist
671,Karaton,ID,2021-02-01 14:04:10,-6.3424,106.1045,81.0,89,40,2.3,moderate rain
672,Tezu,IN,2021-02-01 14:04:10,27.9167,96.1667,61.95,45,0,4.32,clear sky
673,Bayir,TR,2021-02-01 14:04:11,37.2687,28.2167,66.2,59,75,27.63,broken clouds
674,Wasilla,US,2021-02-01 14:04:11,61.5814,-149.4394,7.0,77,1,3.44,clear sky
675,Mancio Lima,BR,2021-02-01 13:56:54,-7.6142,-72.8958,79.03,81,93,2.44,overcast clouds
676,Bodo,NO,2021-02-01 14:04:12,67.28,14.405,21.2,68,0,13.8,clear sky
677,Abong Mbang,CM,2021-02-01 14:04:12,3.9833,13.1833,93.51,27,99,1.3,overcast clouds
678,Makakilo City,US,2021-02-01 14:04:12,21.3469,-158.0858,69.8,83,1,3.44,clear sky
679,Neiafu,TO,2021-02-01 14:04:12,-18.65,-173.9833,78.8,94,90,14.97,light rain
680,San Matias,BO,2021-02-01 14:04:13,-16.3667,-58.4,84.47,66,88,3.38,overcast clouds
681,Katangli,RU,2021-02-01 14:04:13,51.7102,143.2326,-13.25,89,100,8.88,overcast clouds
682,Florina,GR,2021-02-01 14:04:13,40.782,21.4098,57.0,50,94,6.91,overcast clouds
683,Novikovo,RU,2021-02-01 14:04:13,51.1537,37.8879,29.66,98,100,11.97,snow
684,Collie,AU,2021-02-01 14:04:14,-33.3667,116.15,75.0,40,0,1.99,clear sky
685,Pontianak,ID,2021-02-01 14:04:14,-0.0333,109.3333,77.0,94,40,3.44,moderate rain
686,Fereydun Kenar,IR,2021-02-01 14:04:14,36.6864,52.5225,57.2,77,20,11.5,few clouds
687,Bardiyah,LY,2021-02-01 13:57:38,31.7561,25.0865,72.09,26,85,15.43,overcast clouds
688,Sao Joao Da Barra,BR,2021-02-01 13:57:12,-21.6403,-41.0511,87.8,48,0,6.91,clear sky
689,Shujaabad,PK,2021-02-01 14:04:14,29.8797,71.2931,64.4,55,0,10.16,smoke
690,Paramonga,PE,2021-02-01 14:01:50,-10.6667,-77.8333,72.16,73,97,6.76,overcast clouds
691,Quang Ngai,VN,2021-02-01 14:01:24,15.1167,108.8,67.21,89,0,3.69,clear sky
692,Vozhega,RU,2021-02-01 14:04:15,60.4725,40.2213,19.71,97,95,6.98,overcast clouds
693,Cozumel,MX,2021-02-01 14:04:15,20.5083,-86.9458,75.2,78,20,10.36,few clouds
694,Buala,SB,2021-02-01 13:56:15,-8.145,159.5921,81.59,81,100,15.48,light rain
695,Deniliquin,AU,2021-02-01 14:04:16,-35.5333,144.9667,60.01,77,0,1.99,clear sky
